[    2856ms] [ERROR] Failed to load resource: net::ERR_NAME_NOT_RESOLVED @ https://www.googleadservices.com/pagead/conversion/16521530460/?gad_source=1&adview_type=1&adview_query_id=CKHjyufP6JMDFYkfRAgdwh4LZg:0
[    2922ms] [ERROR] Failed to load resource: net::ERR_NAME_NOT_RESOLVED @ https://www.googleadservices.com/pagead/conversion/16521530460/?gad_source=1&adview_type=1&adview_query_id=CKHjyufP6JMDFYkfRAgdwh4LZg:0
[    3812ms] [WARNING] Failed to execute 'postMessage' on 'DOMWindow': The target origin provided ('https://www.youtube.com') does not match the recipient window's origin ('https://www.google.com'). @ https://www.youtube.com/s/player/8a6e7bc4/www-widgetapi.vflset/www-widgetapi.js:209
[    3998ms] [ERROR] Failed to load resource: net::ERR_NAME_NOT_RESOLVED @ https://static.doubleclick.net/instream/ad_status.js:0
[    3998ms] [ERROR] Failed to load resource: net::ERR_NAME_NOT_RESOLVED @ https://googleads.g.doubleclick.net/pagead/id:0
[    7719ms] [LOG] JQMIGRATE: Migrate is installed, version 3.4.1 @ https://www.incidentiq.com/wp-includes/js/jquery/jquery-migrate.min.js?ver=3.4.1:1
[    7720ms] ReferenceError: gaconnector2 is not defined
    at https://www.incidentiq.com/events:110:32
[    7791ms] [WARNING] Failed to decode downloaded font: https://www.incidentiq.com/wp-content/themes/incidentiq/build/9411e35d05f1c344538c.woff @ https://www.incidentiq.com/events:0
[    7791ms] [WARNING] OTS parsing error: invalid sfntVersion: 1702391919 @ https://www.incidentiq.com/events:0
[    7791ms] [WARNING] Failed to decode downloaded font: https://www.incidentiq.com/wp-content/themes/incidentiq/build/9411e35d05f1c344538c.woff @ https://www.incidentiq.com/events:0
[    7791ms] [WARNING] OTS parsing error: invalid sfntVersion: 1702391919 @ https://www.incidentiq.com/events:0
[    7795ms] [WARNING] Failed to decode downloaded font: https://www.incidentiq.com/wp-content/themes/incidentiq/build/c3116a8e61fdc1ec04be.woff @ https://www.incidentiq.com/events:0
[    7795ms] [WARNING] OTS parsing error: invalid sfntVersion: 1702391919 @ https://www.incidentiq.com/events:0
[    7796ms] [WARNING] Failed to decode downloaded font: https://www.incidentiq.com/wp-content/themes/incidentiq/build/c3116a8e61fdc1ec04be.woff @ https://www.incidentiq.com/events:0
[    7796ms] [WARNING] OTS parsing error: invalid sfntVersion: 1702391919 @ https://www.incidentiq.com/events:0
[    7798ms] [WARNING] Failed to decode downloaded font: https://www.incidentiq.com/wp-content/themes/incidentiq/build/8a5252879a066e92dd14.woff @ https://www.incidentiq.com/events:0
[    7798ms] [WARNING] OTS parsing error: invalid sfntVersion: 1702391919 @ https://www.incidentiq.com/events:0
[    7798ms] [WARNING] Failed to decode downloaded font: https://www.incidentiq.com/wp-content/themes/incidentiq/build/8a5252879a066e92dd14.woff @ https://www.incidentiq.com/events:0
[    7798ms] [WARNING] OTS parsing error: invalid sfntVersion: 1702391919 @ https://www.incidentiq.com/events:0
[    7799ms] [WARNING] Failed to decode downloaded font: https://www.incidentiq.com/wp-content/themes/incidentiq/build/c3116a8e61fdc1ec04be.woff @ https://www.incidentiq.com/events:0
[    7799ms] [WARNING] OTS parsing error: invalid sfntVersion: 1702391919 @ https://www.incidentiq.com/events:0
[    7799ms] [WARNING] Failed to decode downloaded font: https://www.incidentiq.com/wp-content/themes/incidentiq/build/8a5252879a066e92dd14.woff @ https://www.incidentiq.com/events:0
[    7799ms] [WARNING] OTS parsing error: invalid sfntVersion: 1702391919 @ https://www.incidentiq.com/events:0
[    7799ms] [WARNING] Failed to decode downloaded font: https://www.incidentiq.com/wp-content/themes/incidentiq/build/9411e35d05f1c344538c.woff @ https://www.incidentiq.com/events:0
[    7799ms] [WARNING] OTS parsing error: invalid sfntVersion: 1702391919 @ https://www.incidentiq.com/events:0
[    7799ms] [WARNING] Failed to decode downloaded font: https://www.incidentiq.com/wp-content/themes/incidentiq/build/c3116a8e61fdc1ec04be.woff @ https://www.incidentiq.com/events:0
[    7799ms] [WARNING] OTS parsing error: invalid sfntVersion: 1702391919 @ https://www.incidentiq.com/events:0
[    7799ms] [WARNING] Failed to decode downloaded font: https://www.incidentiq.com/wp-content/themes/incidentiq/build/8a5252879a066e92dd14.woff @ https://www.incidentiq.com/events:0
[    7799ms] [WARNING] OTS parsing error: invalid sfntVersion: 1702391919 @ https://www.incidentiq.com/events:0
[    7799ms] [WARNING] Failed to decode downloaded font: https://www.incidentiq.com/wp-content/themes/incidentiq/build/9411e35d05f1c344538c.woff @ https://www.incidentiq.com/events:0
[    7799ms] [WARNING] OTS parsing error: invalid sfntVersion: 1702391919 @ https://www.incidentiq.com/events:0
[    7993ms] [WARNING] Failed to decode downloaded font: https://www.incidentiq.com/wp-content/themes/incidentiq/build/c3116a8e61fdc1ec04be.woff @ https://kit-pro.fontawesome.com/releases/latest/js/pro.min.js:0
[    7993ms] [WARNING] OTS parsing error: invalid sfntVersion: 1702391919 @ https://kit-pro.fontawesome.com/releases/latest/js/pro.min.js:0
[    7993ms] [WARNING] Failed to decode downloaded font: https://www.incidentiq.com/wp-content/themes/incidentiq/build/8a5252879a066e92dd14.woff @ https://kit-pro.fontawesome.com/releases/latest/js/pro.min.js:0
[    7993ms] [WARNING] OTS parsing error: invalid sfntVersion: 1702391919 @ https://kit-pro.fontawesome.com/releases/latest/js/pro.min.js:0
[    7993ms] [WARNING] Failed to decode downloaded font: https://www.incidentiq.com/wp-content/themes/incidentiq/build/9411e35d05f1c344538c.woff @ https://kit-pro.fontawesome.com/releases/latest/js/pro.min.js:0
[    7993ms] [WARNING] OTS parsing error: invalid sfntVersion: 1702391919 @ https://kit-pro.fontawesome.com/releases/latest/js/pro.min.js:0
[    7993ms] [WARNING] Failed to decode downloaded font: https://www.incidentiq.com/wp-content/themes/incidentiq/build/c3116a8e61fdc1ec04be.woff @ https://kit-pro.fontawesome.com/releases/latest/js/pro.min.js:0
[    7993ms] [WARNING] OTS parsing error: invalid sfntVersion: 1702391919 @ https://kit-pro.fontawesome.com/releases/latest/js/pro.min.js:0
[    7993ms] [WARNING] Failed to decode downloaded font: https://www.incidentiq.com/wp-content/themes/incidentiq/build/8a5252879a066e92dd14.woff @ https://kit-pro.fontawesome.com/releases/latest/js/pro.min.js:0
[    7993ms] [WARNING] OTS parsing error: invalid sfntVersion: 1702391919 @ https://kit-pro.fontawesome.com/releases/latest/js/pro.min.js:0
[    7993ms] [WARNING] Failed to decode downloaded font: https://www.incidentiq.com/wp-content/themes/incidentiq/build/9411e35d05f1c344538c.woff @ https://kit-pro.fontawesome.com/releases/latest/js/pro.min.js:0
[    7993ms] [WARNING] OTS parsing error: invalid sfntVersion: 1702391919 @ https://kit-pro.fontawesome.com/releases/latest/js/pro.min.js:0
[    8052ms] [WARNING] Failed to decode downloaded font: https://www.incidentiq.com/wp-content/themes/incidentiq/build/c3116a8e61fdc1ec04be.woff @ https://kit-pro.fontawesome.com/releases/latest/js/pro.min.js:0
[    8052ms] [WARNING] OTS parsing error: invalid sfntVersion: 1702391919 @ https://kit-pro.fontawesome.com/releases/latest/js/pro.min.js:0
[    8052ms] [WARNING] Failed to decode downloaded font: https://www.incidentiq.com/wp-content/themes/incidentiq/build/8a5252879a066e92dd14.woff @ https://kit-pro.fontawesome.com/releases/latest/js/pro.min.js:0
[    8052ms] [WARNING] OTS parsing error: invalid sfntVersion: 1702391919 @ https://kit-pro.fontawesome.com/releases/latest/js/pro.min.js:0
[    8052ms] [WARNING] Failed to decode downloaded font: https://www.incidentiq.com/wp-content/themes/incidentiq/build/9411e35d05f1c344538c.woff @ https://kit-pro.fontawesome.com/releases/latest/js/pro.min.js:0
[    8052ms] [WARNING] OTS parsing error: invalid sfntVersion: 1702391919 @ https://kit-pro.fontawesome.com/releases/latest/js/pro.min.js:0
[    8052ms] [WARNING] Failed to decode downloaded font: https://www.incidentiq.com/wp-content/themes/incidentiq/build/c3116a8e61fdc1ec04be.woff @ https://kit-pro.fontawesome.com/releases/latest/js/pro.min.js:0
[    8052ms] [WARNING] OTS parsing error: invalid sfntVersion: 1702391919 @ https://kit-pro.fontawesome.com/releases/latest/js/pro.min.js:0
[    8052ms] [WARNING] Failed to decode downloaded font: https://www.incidentiq.com/wp-content/themes/incidentiq/build/8a5252879a066e92dd14.woff @ https://kit-pro.fontawesome.com/releases/latest/js/pro.min.js:0
[    8052ms] [WARNING] OTS parsing error: invalid sfntVersion: 1702391919 @ https://kit-pro.fontawesome.com/releases/latest/js/pro.min.js:0
[    8052ms] [WARNING] Failed to decode downloaded font: https://www.incidentiq.com/wp-content/themes/incidentiq/build/9411e35d05f1c344538c.woff @ https://kit-pro.fontawesome.com/releases/latest/js/pro.min.js:0
[    8052ms] [WARNING] OTS parsing error: invalid sfntVersion: 1702391919 @ https://kit-pro.fontawesome.com/releases/latest/js/pro.min.js:0
[    8056ms] [WARNING] Failed to decode downloaded font: https://www.incidentiq.com/wp-content/themes/incidentiq/build/c3116a8e61fdc1ec04be.woff @ https://www.incidentiq.com/events:0
[    8056ms] [WARNING] OTS parsing error: invalid sfntVersion: 1702391919 @ https://www.incidentiq.com/events:0
[    8056ms] [WARNING] Failed to decode downloaded font: https://www.incidentiq.com/wp-content/themes/incidentiq/build/8a5252879a066e92dd14.woff @ https://www.incidentiq.com/events:0
[    8056ms] [WARNING] OTS parsing error: invalid sfntVersion: 1702391919 @ https://www.incidentiq.com/events:0
[    8056ms] [WARNING] Failed to decode downloaded font: https://www.incidentiq.com/wp-content/themes/incidentiq/build/9411e35d05f1c344538c.woff @ https://www.incidentiq.com/events:0
[    8056ms] [WARNING] OTS parsing error: invalid sfntVersion: 1702391919 @ https://www.incidentiq.com/events:0
[    8056ms] [WARNING] Failed to decode downloaded font: https://www.incidentiq.com/wp-content/themes/incidentiq/build/c3116a8e61fdc1ec04be.woff @ https://www.incidentiq.com/events:0
[    8056ms] [WARNING] OTS parsing error: invalid sfntVersion: 1702391919 @ https://www.incidentiq.com/events:0
[    8056ms] [WARNING] Failed to decode downloaded font: https://www.incidentiq.com/wp-content/themes/incidentiq/build/8a5252879a066e92dd14.woff @ https://www.incidentiq.com/events:0
[    8056ms] [WARNING] OTS parsing error: invalid sfntVersion: 1702391919 @ https://www.incidentiq.com/events:0
[    8056ms] [WARNING] Failed to decode downloaded font: https://www.incidentiq.com/wp-content/themes/incidentiq/build/9411e35d05f1c344538c.woff @ https://www.incidentiq.com/events:0
[    8056ms] [WARNING] OTS parsing error: invalid sfntVersion: 1702391919 @ https://www.incidentiq.com/events:0
[    8522ms] [WARNING] Failed to decode downloaded font: https://www.incidentiq.com/wp-content/themes/incidentiq/build/c3116a8e61fdc1ec04be.woff @ https://cdn-cookieyes.com/client_data/26bc3e7f31fafca733bf2a02/banner.js:0
[    8522ms] [WARNING] OTS parsing error: invalid sfntVersion: 1702391919 @ https://cdn-cookieyes.com/client_data/26bc3e7f31fafca733bf2a02/banner.js:0
[    8522ms] [WARNING] Failed to decode downloaded font: https://www.incidentiq.com/wp-content/themes/incidentiq/build/8a5252879a066e92dd14.woff @ https://cdn-cookieyes.com/client_data/26bc3e7f31fafca733bf2a02/banner.js:0
[    8522ms] [WARNING] OTS parsing error: invalid sfntVersion: 1702391919 @ https://cdn-cookieyes.com/client_data/26bc3e7f31fafca733bf2a02/banner.js:0
[    8522ms] [WARNING] Failed to decode downloaded font: https://www.incidentiq.com/wp-content/themes/incidentiq/build/9411e35d05f1c344538c.woff @ https://cdn-cookieyes.com/client_data/26bc3e7f31fafca733bf2a02/banner.js:0
[    8523ms] [WARNING] OTS parsing error: invalid sfntVersion: 1702391919 @ https://cdn-cookieyes.com/client_data/26bc3e7f31fafca733bf2a02/banner.js:0
[    8523ms] [WARNING] Failed to decode downloaded font: https://www.incidentiq.com/wp-content/themes/incidentiq/build/c3116a8e61fdc1ec04be.woff @ https://cdn-cookieyes.com/client_data/26bc3e7f31fafca733bf2a02/banner.js:0
[    8523ms] [WARNING] OTS parsing error: invalid sfntVersion: 1702391919 @ https://cdn-cookieyes.com/client_data/26bc3e7f31fafca733bf2a02/banner.js:0
[    8523ms] [WARNING] Failed to decode downloaded font: https://www.incidentiq.com/wp-content/themes/incidentiq/build/8a5252879a066e92dd14.woff @ https://cdn-cookieyes.com/client_data/26bc3e7f31fafca733bf2a02/banner.js:0
[    8523ms] [WARNING] OTS parsing error: invalid sfntVersion: 1702391919 @ https://cdn-cookieyes.com/client_data/26bc3e7f31fafca733bf2a02/banner.js:0
[    8523ms] [WARNING] Failed to decode downloaded font: https://www.incidentiq.com/wp-content/themes/incidentiq/build/9411e35d05f1c344538c.woff @ https://cdn-cookieyes.com/client_data/26bc3e7f31fafca733bf2a02/banner.js:0
[    8523ms] [WARNING] OTS parsing error: invalid sfntVersion: 1702391919 @ https://cdn-cookieyes.com/client_data/26bc3e7f31fafca733bf2a02/banner.js:0
[    8573ms] [ERROR] Failed to load resource: net::ERR_NAME_NOT_RESOLVED @ https://www.googleadservices.com/pagead/set_partitioned_cookie?rcb=19&frm=0&apvc=1&ae=g&en=page_view&ref=www.google.com&url=https%3A%2F%2Fwww.incidentiq.com%2Fevents&scrsrc=www.googletagmanager.com&lps=1&rnd=1467221548.1776007585&dt=Events%20-%20Incident%20IQ&auid=1148148271.1776007585&navt=n&npa=0&ep.ads_data_redaction=0&gdid=dY2Q2ZW&_tu=CA&gtm=45He6490h2v79782257za200zd79782257xea&gcs=G111&gcd=13v3v3v3v5l1&dma=0&tag_exp=0~115938465~115938469~116363097~118131810~118442252&tft=1776007585174&tfd=1228&apve=1&apvf=f:0
[    8573ms] [ERROR] Failed to load resource: net::ERR_NAME_NOT_RESOLVED @ https://googleads.g.doubleclick.net/pagead/viewthroughconversion/791122909/?random=1776007584767&cv=11&fst=1776007584767&bg=ffffff&guid=ON&async=1&gtm=45be6490h2v9166792355z879782257za20gzb79782257zd79782257xea&gcd=13v3v3v3v5l1&dma=0&tag_exp=0~115938465~115938468~116363097~118131810&u_w=2560&u_h=1440&url=https%3A%2F%2Fwww.incidentiq.com%2Fevents&ref=https%3A%2F%2Fwww.google.com%2F&rcb=10&frm=0&tiba=Events%20-%20Incident%20IQ&did=dY2Q2ZW&gdid=dY2Q2ZW&hn=www.googleadservices.com&npa=0&pscdl=noapi&auid=1148148271.1776007585&uaa=arm&uab=64&uafvl=Google%2520Chrome%3B147.0.7727.56%7CNot.A%252FBrand%3B8.0.0.0%7CChromium%3B147.0.7727.56&uamb=0&uam=&uap=macOS&uapv=26.3.1&uaw=0&_tu=CA&data=ads_data_redaction%3Dfalse&rfmt=3&fmt=4:0
[    8573ms] [ERROR] Failed to load resource: net::ERR_NAME_NOT_RESOLVED @ https://googleads.g.doubleclick.net/pagead/viewthroughconversion/791122909/?random=1776007584766&cv=11&fst=1776007584766&bg=ffffff&guid=ON&async=1&en=gtag.config&gtm=45be6490h2v9166792355z879782257za20gzb79782257zd79782257xec&gcd=13v3v3v3v5l1&dma=0&tag_exp=0~115938465~115938468~116363097~118131810&u_w=2560&u_h=1440&url=https%3A%2F%2Fwww.incidentiq.com%2Fevents&ref=https%3A%2F%2Fwww.google.com%2F&rcb=10&frm=0&tiba=Events%20-%20Incident%20IQ&did=dY2Q2ZW&gdid=dY2Q2ZW&hn=www.googleadservices.com&npa=0&pscdl=noapi&auid=1148148271.1776007585&uaa=arm&uab=64&uafvl=Google%2520Chrome%3B147.0.7727.56%7CNot.A%252FBrand%3B8.0.0.0%7CChromium%3B147.0.7727.56&uamb=0&uam=&uap=macOS&uapv=26.3.1&uaw=0&_tu=CA&data=event%3Dgtag.config&rfmt=3&fmt=4:0
[    8573ms] [ERROR] Failed to load resource: net::ERR_NAME_NOT_RESOLVED @ https://www.googleadservices.com/pagead/conversion/791122909/?random=1776007584767&cv=11&fst=1776007584767&bg=ffffff&guid=ON&async=1&en=conversion&gtm=45be6490h2v9166792355z879782257za20gzb79782257zd79782257xea&gcs=G111&gcd=13v3v3v3v5l1&dma=0&tag_exp=0~115938465~115938468~116363097~118131810&u_w=2560&u_h=1440&url=https%3A%2F%2Fwww.incidentiq.com%2Fevents&ref=https%3A%2F%2Fwww.google.com%2F&rcb=10&label=OPkuCMDd3fgDEN2nnvkC&capi=1&frm=0&tiba=Events%20-%20Incident%20IQ&did=dY2Q2ZW&gdid=dY2Q2ZW&bttype=purchase&value=0&hn=www.googleadservices.com&npa=0&pscdl=noapi&auid=1148148271.1776007585&uaa=arm&uab=64&uafvl=Google%2520Chrome%3B147.0.7727.56%7CNot.A%252FBrand%3B8.0.0.0%7CChromium%3B147.0.7727.56&uamb=0&uam=&uap=macOS&uapv=26.3.1&uaw=0&ec_mode=a&_tu=CA&gcl_ctr=1~0~0~0&data=ads_data_redaction%3Dfalse&category=acrcp_v1_512&em=tv.1&fmt=7:0
[    8632ms] [ERROR] Failed to load resource: net::ERR_NAME_NOT_RESOLVED @ https://tags.srv.stackadapt.com/events.js:0
[    8704ms] [WARNING] Failed to decode downloaded font: https://www.incidentiq.com/wp-content/themes/incidentiq/build/c3116a8e61fdc1ec04be.woff @ https://www.incidentiq.com/events:0
[    8704ms] [WARNING] OTS parsing error: invalid sfntVersion: 1702391919 @ https://www.incidentiq.com/events:0
[    8704ms] [WARNING] Failed to decode downloaded font: https://www.incidentiq.com/wp-content/themes/incidentiq/build/8a5252879a066e92dd14.woff @ https://www.incidentiq.com/events:0
[    8704ms] [WARNING] OTS parsing error: invalid sfntVersion: 1702391919 @ https://www.incidentiq.com/events:0
[    8704ms] [WARNING] Failed to decode downloaded font: https://www.incidentiq.com/wp-content/themes/incidentiq/build/9411e35d05f1c344538c.woff @ https://www.incidentiq.com/events:0
[    8704ms] [WARNING] OTS parsing error: invalid sfntVersion: 1702391919 @ https://www.incidentiq.com/events:0
[    8704ms] [WARNING] Failed to decode downloaded font: https://www.incidentiq.com/wp-content/themes/incidentiq/build/c3116a8e61fdc1ec04be.woff @ https://www.incidentiq.com/events:0
[    8704ms] [WARNING] OTS parsing error: invalid sfntVersion: 1702391919 @ https://www.incidentiq.com/events:0
[    8704ms] [WARNING] Failed to decode downloaded font: https://www.incidentiq.com/wp-content/themes/incidentiq/build/8a5252879a066e92dd14.woff @ https://www.incidentiq.com/events:0
[    8704ms] [WARNING] OTS parsing error: invalid sfntVersion: 1702391919 @ https://www.incidentiq.com/events:0
[    8704ms] [WARNING] Failed to decode downloaded font: https://www.incidentiq.com/wp-content/themes/incidentiq/build/9411e35d05f1c344538c.woff @ https://www.incidentiq.com/events:0
[    8704ms] [WARNING] OTS parsing error: invalid sfntVersion: 1702391919 @ https://www.incidentiq.com/events:0
[    8728ms] [ERROR] Failed to load resource: net::ERR_NAME_NOT_RESOLVED @ https://www.googleadservices.com/pagead/set_partitioned_cookie?rcb=19&frm=0&apvc=1&ae=g&en=page_view&ref=www.google.com&url=https%3A%2F%2Fwww.incidentiq.com%2Fevents&scrsrc=www.googletagmanager.com&lps=1&rnd=1467221548.1776007585&dt=Events%20-%20Incident%20IQ&auid=1148148271.1776007585&navt=n&npa=0&ep.ads_data_redaction=0&gdid=dY2Q2ZW&_tu=CA&gtm=45He6490h2v79782257za200zd79782257xea&gcs=G111&gcd=13v3v3v3v5l1&dma=0&tag_exp=0~115938465~115938469~116363097~118131810~118442252&tft=1776007585174&tfd=1228&apve=1&apvf=f&img=1:0
[    8730ms] [ERROR] Failed to load resource: net::ERR_NAME_NOT_RESOLVED @ https://googleads.g.doubleclick.net/pagead/viewthroughconversion/791122909/?random=1776007584767&cv=11&fst=1776007584767&fmt=3&bg=ffffff&guid=ON&async=1&gtm=45be6490h2v9166792355z879782257za20gzb79782257zd79782257xea&gcd=13v3v3v3v5l1&dma=0&tag_exp=0~115938465~115938468~116363097~118131810&u_w=2560&u_h=1440&url=https%3A%2F%2Fwww.incidentiq.com%2Fevents&ref=https%3A%2F%2Fwww.google.com%2F&rcb=10&frm=0&tiba=Events%20-%20Incident%20IQ&did=dY2Q2ZW&gdid=dY2Q2ZW&hn=www.googleadservices.com&npa=0&pscdl=noapi&auid=1148148271.1776007585&uaa=arm&uab=64&uafvl=Google%2520Chrome%3B147.0.7727.56%7CNot.A%252FBrand%3B8.0.0.0%7CChromium%3B147.0.7727.56&uamb=0&uam=&uap=macOS&uapv=26.3.1&uaw=0&_tu=CA&data=ads_data_redaction%3Dfalse:0
[    8730ms] [ERROR] Failed to load resource: net::ERR_NAME_NOT_RESOLVED @ https://googleads.g.doubleclick.net/pagead/viewthroughconversion/791122909/?random=1776007584766&cv=11&fst=1776007584766&fmt=3&bg=ffffff&guid=ON&async=1&en=gtag.config&gtm=45be6490h2v9166792355z879782257za20gzb79782257zd79782257xec&gcd=13v3v3v3v5l1&dma=0&tag_exp=0~115938465~115938468~116363097~118131810&u_w=2560&u_h=1440&url=https%3A%2F%2Fwww.incidentiq.com%2Fevents&ref=https%3A%2F%2Fwww.google.com%2F&rcb=10&frm=0&tiba=Events%20-%20Incident%20IQ&did=dY2Q2ZW&gdid=dY2Q2ZW&hn=www.googleadservices.com&npa=0&pscdl=noapi&auid=1148148271.1776007585&uaa=arm&uab=64&uafvl=Google%2520Chrome%3B147.0.7727.56%7CNot.A%252FBrand%3B8.0.0.0%7CChromium%3B147.0.7727.56&uamb=0&uam=&uap=macOS&uapv=26.3.1&uaw=0&_tu=CA&data=event%3Dgtag.config:0
[    8875ms] [ERROR] Failed to load resource: net::ERR_NAME_NOT_RESOLVED @ https://792-ttg-698.mktoresp.com/webevents/visitWebPage?_mchNc=1776007585483&_mchCn=&_mchId=792-TTG-698&_mchTk=_mch-incidentiq.com-b8e82461b0dd92cd9eb76a81bb25e90a&_mchHo=www.incidentiq.com&_mchPo=&_mchRu=%2Fevents&_mchPc=https%3A&_mchVr=165&_mchEcid=&_mchHa=&_mchRe=https%3A%2F%2Fwww.google.com%2F&_mchQp=:0
[    9022ms] [LOG] %c6sense JS 
        font-weight: bold;
        border-radius: 3px;
        background-color: #ff583d;
        color: #192232;
        padding: 1px 2px;
         Error loading pending commands: Found a _6si object on the window, but it was not an array. @ https://j.6sc.co/6si.min.js:0
[    9037ms] [ERROR] Failed to load resource: net::ERR_NAME_NOT_RESOLVED @ https://secure.adnxs.com/getuidj:0
[    9183ms] [ERROR] Failed to load resource: net::ERR_NAME_NOT_RESOLVED @ https://epsilon.6sense.com/v3/company/details:0
[    9204ms] [ERROR] Failed to load resource: net::ERR_NAME_NOT_RESOLVED @ https://a1.seadform.net/serving/cookie/sync/?uid=8686790337727051222&stamp=zHHzhzes-4MDvP-67D9Y4w2:0
[   10307ms] [ERROR] Failed to load resource: net::ERR_NAME_NOT_RESOLVED @ https://stags.bluekai.com/site/24365?limit=1&phint=activation%3Da_incident-iq_us_kpi-target_incident-iq:0
[   10307ms] [ERROR] Failed to load resource: net::ERR_NAME_NOT_RESOLVED @ https://stags.bluekai.com/site/24365?limit=1&phint=activation%3Da_incident-iq_us_kpi-target_incident-iq:0
[   10380ms] [ERROR] Failed to load resource: net::ERR_NAME_NOT_RESOLVED @ https://user-sync.fwmrm.net/ad/u?mode=user-register&dspid=55&dspuid=8686790337727051222:0
[   10554ms] [WARNING] Failed to decode downloaded font: https://www.incidentiq.com/wp-content/themes/incidentiq/build/c3116a8e61fdc1ec04be.woff @ https://www.incidentiq.com/events:0
[   10554ms] [WARNING] OTS parsing error: invalid sfntVersion: 1702391919 @ https://www.incidentiq.com/events:0
[   10554ms] [WARNING] Failed to decode downloaded font: https://www.incidentiq.com/wp-content/themes/incidentiq/build/8a5252879a066e92dd14.woff @ https://www.incidentiq.com/events:0
[   10554ms] [WARNING] OTS parsing error: invalid sfntVersion: 1702391919 @ https://www.incidentiq.com/events:0
[   10554ms] [WARNING] Failed to decode downloaded font: https://www.incidentiq.com/wp-content/themes/incidentiq/build/9411e35d05f1c344538c.woff @ https://www.incidentiq.com/events:0
[   10554ms] [WARNING] OTS parsing error: invalid sfntVersion: 1702391919 @ https://www.incidentiq.com/events:0
[   10554ms] [WARNING] Failed to decode downloaded font: https://www.incidentiq.com/wp-content/themes/incidentiq/build/c3116a8e61fdc1ec04be.woff @ https://www.incidentiq.com/events:0
[   10554ms] [WARNING] OTS parsing error: invalid sfntVersion: 1702391919 @ https://www.incidentiq.com/events:0
[   10554ms] [WARNING] Failed to decode downloaded font: https://www.incidentiq.com/wp-content/themes/incidentiq/build/8a5252879a066e92dd14.woff @ https://www.incidentiq.com/events:0
[   10554ms] [WARNING] OTS parsing error: invalid sfntVersion: 1702391919 @ https://www.incidentiq.com/events:0
[   10554ms] [WARNING] Failed to decode downloaded font: https://www.incidentiq.com/wp-content/themes/incidentiq/build/9411e35d05f1c344538c.woff @ https://www.incidentiq.com/events:0
[   10554ms] [WARNING] OTS parsing error: invalid sfntVersion: 1702391919 @ https://www.incidentiq.com/events:0
[   10570ms] [ERROR] Failed to load resource: net::ERR_NAME_NOT_RESOLVED @ https://ib.adnxs.com/getuid?https%3a%2f%2fmatch.adsrvr.org%2ftrack%2fcmf%2fappnexus%3fttd%3d1%26anid%3d%24UID&ttd_tdid=abdb53a4-1bf7-4530-be51-983863b9413d:0
[   10651ms] [ERROR] Failed to load resource: net::ERR_NAME_NOT_RESOLVED @ https://sg.semasio.net/sync/1/16266044?sExtCookieId=8686790337727051222&gdpr=&sInitiator=external:0
[   10689ms] [ERROR] Failed to load resource: net::ERR_NAME_NOT_RESOLVED @ https://cm.g.doubleclick.net/pixel?google_nid=1024&google_cm&google_ula=1641347&party=1&google_hm=ODY4Njc5MDMzNzcyNzA1MTIyMg:0
[   10691ms] [ERROR] Failed to load resource: net::ERR_NAME_NOT_RESOLVED @ https://secure.adnxs.com/getuid?https://c1.adform.net/serving/cookie/match?party=3&id=$UID&redirect=1:0
[   10695ms] [ERROR] Failed to load resource: net::ERR_NAME_NOT_RESOLVED @ https://eb2.3lift.com/xuid?mid=2409&xuid=efd74126-269f-40ba-8143-2b3d0c8e6c77&dongle=d3d3&gdpr=&gdpr_consent=&gdpr_pd=:0
[   10861ms] [ERROR] Failed to load resource: net::ERR_NAME_NOT_RESOLVED @ https://match.adsrvr.org/track/cmf/generic?ttd_pid=71ei9rr&ttd_tpi=1:0
[   10867ms] [ERROR] Failed to load resource: net::ERR_NAME_NOT_RESOLVED @ https://id5-sync.com/s/10/0.gif?puid=8686790337727051222:0
[   10901ms] [ERROR] Failed to load resource: net::ERR_NAME_NOT_RESOLVED @ https://sync.teads.tv/um?eid=119&uid=8686790337727051222:0
[   10938ms] [ERROR] Failed to load resource: net::ERR_NAME_NOT_RESOLVED @ https://match.contentexchange.me/adform/8686790337727051222?redirect_url=https%3a%2f%2fc1.adform.net%2fserving%2fcookie%2fmatch%3fparty%3d1219:0
[   10959ms] [ERROR] Failed to load resource: net::ERR_NAME_NOT_RESOLVED @ https://cm.g.doubleclick.net/pixel?google_nid=ar101281&google_hm=bW52eDI5c3AtVktmWm5EMGNSTVdjYmFKV25abzdHZy1hZA%3D%3D&gdpr=0&gdpr_consent=&google_redir=https%3A%2F%2Fa.audrte.com%2Fddp%3Fred%3DeyJ1IjoiaHR0cHM6Ly9hLmF1ZHJ0ZS5jb206NDQzL3AiLCJkIjpbXX0%253D%26aruid%3Dmnvx29sp-VKfZnD0cRMWcbaJWnZo7Gg-ad:0
[   10969ms] [ERROR] Failed to load resource: net::ERR_NAME_NOT_RESOLVED @ https://bpi.rtactivate.com/tag/?id=16974&user_id=8686790337727051222:0
[   11082ms] [ERROR] Failed to load resource: net::ERR_NAME_NOT_RESOLVED @ https://eb2.3lift.com/xuid?mid=7354&xuid=8686790337727051222&dongle=AD20:0
[   11092ms] [ERROR] Failed to load resource: net::ERR_SSL_VERSION_OR_CIPHER_MISMATCH @ https://www2.incidentiq.com/dcjs/795003/633/dc.js:0
[   11374ms] [ERROR] Failed to load resource: net::ERR_NAME_NOT_RESOLVED @ https://ib.adnxs.com/setuid?entity=145&code=HHt10NrrghhjaYSWnjjgSjgS&gdpr=0:0
[   11519ms] [WARNING] The resource https://www.incidentiq.com/wp-content/uploads/2026/02/Hero-section.svg was preloaded using link preload but not used within a few seconds from the window's load event. Please make sure it has an appropriate `as` value and it is preloaded intentionally. @ https://www.incidentiq.com/events:0
[   11520ms] [WARNING] The resource https://www.incidentiq.com/wp-content/uploads/2025/12/cta_banner.png was preloaded using link preload but not used within a few seconds from the window's load event. Please make sure it has an appropriate `as` value and it is preloaded intentionally. @ https://www.incidentiq.com/events:0
[   11647ms] [ERROR] Failed to load resource: net::ERR_NAME_NOT_RESOLVED @ https://ups.analytics.yahoo.com/ups/58773/cms?partner_id=Eyeot&gdpr=0&gdpr_consent=:0
[   11850ms] [ERROR] Failed to load resource: net::ERR_NAME_NOT_RESOLVED @ https://load77.exelator.com/pixel.gif:0
[   18875ms] [WARNING] The resource https://www.incidentiq.com/wp-content/uploads/2026/02/Hero-section.svg was preloaded using link preload but not used within a few seconds from the window's load event. Please make sure it has an appropriate `as` value and it is preloaded intentionally. @ https://www.incidentiq.com/events:0
[   18875ms] [WARNING] The resource https://www.incidentiq.com/wp-content/uploads/2025/12/cta_banner.png was preloaded using link preload but not used within a few seconds from the window's load event. Please make sure it has an appropriate `as` value and it is preloaded intentionally. @ https://www.incidentiq.com/events:0
[   22117ms] [ERROR] Failed to load resource: net::ERR_NAME_NOT_RESOLVED @ https://792-ttg-698.mktoresp.com/webevents/clickLink?_mchNc=1776007598738&_mchHr=https%3A%2F%2Fwww.incidentiq.com%2Fproducts%2Fschool-facilities-management-software&_mchId=792-TTG-698&_mchTk=_mch-incidentiq.com-b8e82461b0dd92cd9eb76a81bb25e90a&_mchCn=&_mchHo=www.incidentiq.com&_mchPo=&_mchRu=%2Fevents&_mchPc=https%3A&_mchVr=165&_mchEcid=&:0
[   22185ms] [LOG] JQMIGRATE: Migrate is installed, version 3.4.1 @ https://www.incidentiq.com/wp-includes/js/jquery/jquery-migrate.min.js?ver=3.4.1:1
[   22186ms] ReferenceError: gaconnector2 is not defined
    at https://www.incidentiq.com/products/school-facilities-management-software:129:32
[   22191ms] [WARNING] Failed to decode downloaded font: https://www.incidentiq.com/wp-content/themes/incidentiq/build/c3116a8e61fdc1ec04be.woff @ https://www.incidentiq.com/products/school-facilities-management-software:0
[   22191ms] [WARNING] OTS parsing error: invalid sfntVersion: 1702391919 @ https://www.incidentiq.com/products/school-facilities-management-software:0
[   22191ms] [WARNING] Failed to decode downloaded font: https://www.incidentiq.com/wp-content/themes/incidentiq/build/8a5252879a066e92dd14.woff @ https://www.incidentiq.com/products/school-facilities-management-software:0
[   22191ms] [WARNING] OTS parsing error: invalid sfntVersion: 1702391919 @ https://www.incidentiq.com/products/school-facilities-management-software:0
[   22191ms] [WARNING] Failed to decode downloaded font: https://www.incidentiq.com/wp-content/themes/incidentiq/build/9411e35d05f1c344538c.woff @ https://www.incidentiq.com/products/school-facilities-management-software:0
[   22191ms] [WARNING] OTS parsing error: invalid sfntVersion: 1702391919 @ https://www.incidentiq.com/products/school-facilities-management-software:0
[   22191ms] [WARNING] Failed to decode downloaded font: https://www.incidentiq.com/wp-content/themes/incidentiq/build/c3116a8e61fdc1ec04be.woff @ https://www.incidentiq.com/products/school-facilities-management-software:0
[   22191ms] [WARNING] OTS parsing error: invalid sfntVersion: 1702391919 @ https://www.incidentiq.com/products/school-facilities-management-software:0
[   22191ms] [WARNING] Failed to decode downloaded font: https://www.incidentiq.com/wp-content/themes/incidentiq/build/8a5252879a066e92dd14.woff @ https://www.incidentiq.com/products/school-facilities-management-software:0
[   22191ms] [WARNING] OTS parsing error: invalid sfntVersion: 1702391919 @ https://www.incidentiq.com/products/school-facilities-management-software:0
[   22191ms] [WARNING] Failed to decode downloaded font: https://www.incidentiq.com/wp-content/themes/incidentiq/build/9411e35d05f1c344538c.woff @ https://www.incidentiq.com/products/school-facilities-management-software:0
[   22191ms] [WARNING] OTS parsing error: invalid sfntVersion: 1702391919 @ https://www.incidentiq.com/products/school-facilities-management-software:0
[   22202ms] [WARNING] Failed to decode downloaded font: https://www.incidentiq.com/wp-content/themes/incidentiq/build/c3116a8e61fdc1ec04be.woff @ https://www.incidentiq.com/products/school-facilities-management-software:0
[   22202ms] [WARNING] OTS parsing error: invalid sfntVersion: 1702391919 @ https://www.incidentiq.com/products/school-facilities-management-software:0
[   22202ms] [WARNING] Failed to decode downloaded font: https://www.incidentiq.com/wp-content/themes/incidentiq/build/8a5252879a066e92dd14.woff @ https://www.incidentiq.com/products/school-facilities-management-software:0
[   22202ms] [WARNING] OTS parsing error: invalid sfntVersion: 1702391919 @ https://www.incidentiq.com/products/school-facilities-management-software:0
[   22202ms] [WARNING] Failed to decode downloaded font: https://www.incidentiq.com/wp-content/themes/incidentiq/build/9411e35d05f1c344538c.woff @ https://www.incidentiq.com/products/school-facilities-management-software:0
[   22202ms] [WARNING] OTS parsing error: invalid sfntVersion: 1702391919 @ https://www.incidentiq.com/products/school-facilities-management-software:0
[   22202ms] [WARNING] Failed to decode downloaded font: https://www.incidentiq.com/wp-content/themes/incidentiq/build/c3116a8e61fdc1ec04be.woff @ https://www.incidentiq.com/products/school-facilities-management-software:0
[   22202ms] [WARNING] OTS parsing error: invalid sfntVersion: 1702391919 @ https://www.incidentiq.com/products/school-facilities-management-software:0
[   22202ms] [WARNING] Failed to decode downloaded font: https://www.incidentiq.com/wp-content/themes/incidentiq/build/8a5252879a066e92dd14.woff @ https://www.incidentiq.com/products/school-facilities-management-software:0
[   22202ms] [WARNING] OTS parsing error: invalid sfntVersion: 1702391919 @ https://www.incidentiq.com/products/school-facilities-management-software:0
[   22202ms] [WARNING] Failed to decode downloaded font: https://www.incidentiq.com/wp-content/themes/incidentiq/build/9411e35d05f1c344538c.woff @ https://www.incidentiq.com/products/school-facilities-management-software:0
[   22202ms] [WARNING] OTS parsing error: invalid sfntVersion: 1702391919 @ https://www.incidentiq.com/products/school-facilities-management-software:0
[   22233ms] [WARNING] Failed to decode downloaded font: https://www.incidentiq.com/wp-content/themes/incidentiq/build/c3116a8e61fdc1ec04be.woff @ https://kit-pro.fontawesome.com/releases/latest/js/pro.min.js:0
[   22233ms] [WARNING] OTS parsing error: invalid sfntVersion: 1702391919 @ https://kit-pro.fontawesome.com/releases/latest/js/pro.min.js:0
[   22233ms] [WARNING] Failed to decode downloaded font: https://www.incidentiq.com/wp-content/themes/incidentiq/build/8a5252879a066e92dd14.woff @ https://kit-pro.fontawesome.com/releases/latest/js/pro.min.js:0
[   22233ms] [WARNING] OTS parsing error: invalid sfntVersion: 1702391919 @ https://kit-pro.fontawesome.com/releases/latest/js/pro.min.js:0
[   22233ms] [WARNING] Failed to decode downloaded font: https://www.incidentiq.com/wp-content/themes/incidentiq/build/9411e35d05f1c344538c.woff @ https://kit-pro.fontawesome.com/releases/latest/js/pro.min.js:0
[   22233ms] [WARNING] OTS parsing error: invalid sfntVersion: 1702391919 @ https://kit-pro.fontawesome.com/releases/latest/js/pro.min.js:0
[   22233ms] [WARNING] Failed to decode downloaded font: https://www.incidentiq.com/wp-content/themes/incidentiq/build/c3116a8e61fdc1ec04be.woff @ https://kit-pro.fontawesome.com/releases/latest/js/pro.min.js:0
[   22233ms] [WARNING] OTS parsing error: invalid sfntVersion: 1702391919 @ https://kit-pro.fontawesome.com/releases/latest/js/pro.min.js:0
[   22233ms] [WARNING] Failed to decode downloaded font: https://www.incidentiq.com/wp-content/themes/incidentiq/build/8a5252879a066e92dd14.woff @ https://kit-pro.fontawesome.com/releases/latest/js/pro.min.js:0
[   22233ms] [WARNING] OTS parsing error: invalid sfntVersion: 1702391919 @ https://kit-pro.fontawesome.com/releases/latest/js/pro.min.js:0
[   22233ms] [WARNING] Failed to decode downloaded font: https://www.incidentiq.com/wp-content/themes/incidentiq/build/9411e35d05f1c344538c.woff @ https://kit-pro.fontawesome.com/releases/latest/js/pro.min.js:0
[   22233ms] [WARNING] OTS parsing error: invalid sfntVersion: 1702391919 @ https://kit-pro.fontawesome.com/releases/latest/js/pro.min.js:0
[   22271ms] [WARNING] E-v1.js is not being hosted from a "fast.wistia" host. Self-hosting, making static copies of this script, or including this script in an optimizer may cause embeds to stop functioning. Check Wistia's Help Center for more information. @ https://www.incidentiq.com/wp-content/cache/min/1/assets/external/E-v1.js?ver=1775826799:0
[   22271ms] [WARNING] E-v1.js is not being hosted from a "fast.wistia" host. Self-hosting, making static copies of this script, or including this script in an optimizer may cause embeds to stop functioning. Check Wistia's Help Center for more information. @ https://www.incidentiq.com/wp-content/cache/min/1/assets/external/E-v1.js?ver=1775826799:0
[   22277ms] [WARNING] E-v1.js is not being hosted from a "fast.wistia" host. Self-hosting, making static copies of this script, or including this script in an optimizer may cause embeds to stop functioning. Check Wistia's Help Center for more information. @ https://www.incidentiq.com/wp-content/cache/min/1/assets/external/E-v1.js?ver=1775826799:0
[   22277ms] [WARNING] E-v1.js is not being hosted from a "fast.wistia" host. Self-hosting, making static copies of this script, or including this script in an optimizer may cause embeds to stop functioning. Check Wistia's Help Center for more information. @ https://www.incidentiq.com/wp-content/cache/min/1/assets/external/E-v1.js?ver=1775826799:0
[   22291ms] [WARNING] Failed to decode downloaded font: https://www.incidentiq.com/wp-content/themes/incidentiq/build/c3116a8e61fdc1ec04be.woff @ https://kit-pro.fontawesome.com/releases/latest/js/pro.min.js:0
[   22291ms] [WARNING] OTS parsing error: invalid sfntVersion: 1702391919 @ https://kit-pro.fontawesome.com/releases/latest/js/pro.min.js:0
[   22291ms] [WARNING] Failed to decode downloaded font: https://www.incidentiq.com/wp-content/themes/incidentiq/build/8a5252879a066e92dd14.woff @ https://kit-pro.fontawesome.com/releases/latest/js/pro.min.js:0
[   22291ms] [WARNING] OTS parsing error: invalid sfntVersion: 1702391919 @ https://kit-pro.fontawesome.com/releases/latest/js/pro.min.js:0
[   22291ms] [WARNING] Failed to decode downloaded font: https://www.incidentiq.com/wp-content/themes/incidentiq/build/9411e35d05f1c344538c.woff @ https://kit-pro.fontawesome.com/releases/latest/js/pro.min.js:0
[   22291ms] [WARNING] OTS parsing error: invalid sfntVersion: 1702391919 @ https://kit-pro.fontawesome.com/releases/latest/js/pro.min.js:0
[   22291ms] [WARNING] Failed to decode downloaded font: https://www.incidentiq.com/wp-content/themes/incidentiq/build/c3116a8e61fdc1ec04be.woff @ https://kit-pro.fontawesome.com/releases/latest/js/pro.min.js:0
[   22291ms] [WARNING] OTS parsing error: invalid sfntVersion: 1702391919 @ https://kit-pro.fontawesome.com/releases/latest/js/pro.min.js:0
[   22291ms] [WARNING] Failed to decode downloaded font: https://www.incidentiq.com/wp-content/themes/incidentiq/build/8a5252879a066e92dd14.woff @ https://kit-pro.fontawesome.com/releases/latest/js/pro.min.js:0
[   22291ms] [WARNING] OTS parsing error: invalid sfntVersion: 1702391919 @ https://kit-pro.fontawesome.com/releases/latest/js/pro.min.js:0
[   22291ms] [WARNING] Failed to decode downloaded font: https://www.incidentiq.com/wp-content/themes/incidentiq/build/9411e35d05f1c344538c.woff @ https://kit-pro.fontawesome.com/releases/latest/js/pro.min.js:0
[   22291ms] [WARNING] OTS parsing error: invalid sfntVersion: 1702391919 @ https://kit-pro.fontawesome.com/releases/latest/js/pro.min.js:0
[   22296ms] [WARNING] Failed to decode downloaded font: https://www.incidentiq.com/wp-content/themes/incidentiq/build/c3116a8e61fdc1ec04be.woff @ https://www.incidentiq.com/products/school-facilities-management-software:0
[   22296ms] [WARNING] OTS parsing error: invalid sfntVersion: 1702391919 @ https://www.incidentiq.com/products/school-facilities-management-software:0
[   22296ms] [WARNING] Failed to decode downloaded font: https://www.incidentiq.com/wp-content/themes/incidentiq/build/8a5252879a066e92dd14.woff @ https://www.incidentiq.com/products/school-facilities-management-software:0
[   22296ms] [WARNING] OTS parsing error: invalid sfntVersion: 1702391919 @ https://www.incidentiq.com/products/school-facilities-management-software:0
[   22296ms] [WARNING] Failed to decode downloaded font: https://www.incidentiq.com/wp-content/themes/incidentiq/build/9411e35d05f1c344538c.woff @ https://www.incidentiq.com/products/school-facilities-management-software:0
[   22296ms] [WARNING] OTS parsing error: invalid sfntVersion: 1702391919 @ https://www.incidentiq.com/products/school-facilities-management-software:0
[   22296ms] [WARNING] Failed to decode downloaded font: https://www.incidentiq.com/wp-content/themes/incidentiq/build/c3116a8e61fdc1ec04be.woff @ https://www.incidentiq.com/products/school-facilities-management-software:0
[   22296ms] [WARNING] OTS parsing error: invalid sfntVersion: 1702391919 @ https://www.incidentiq.com/products/school-facilities-management-software:0
[   22296ms] [WARNING] Failed to decode downloaded font: https://www.incidentiq.com/wp-content/themes/incidentiq/build/8a5252879a066e92dd14.woff @ https://www.incidentiq.com/products/school-facilities-management-software:0
[   22296ms] [WARNING] OTS parsing error: invalid sfntVersion: 1702391919 @ https://www.incidentiq.com/products/school-facilities-management-software:0
[   22296ms] [WARNING] Failed to decode downloaded font: https://www.incidentiq.com/wp-content/themes/incidentiq/build/9411e35d05f1c344538c.woff @ https://www.incidentiq.com/products/school-facilities-management-software:0
[   22296ms] [WARNING] OTS parsing error: invalid sfntVersion: 1702391919 @ https://www.incidentiq.com/products/school-facilities-management-software:0
[   22354ms] [ERROR] Failed to load resource: net::ERR_NAME_NOT_RESOLVED @ https://googleads.g.doubleclick.net/pagead/viewthroughconversion/791122909/?random=1776007598991&cv=11&fst=1776007598991&bg=ffffff&guid=ON&async=1&gtm=45be6490h2v9166792355z879782257za20gzb79782257zd79782257xea&gcd=13v3v3v3v5l1&dma=0&tag_exp=0~115938465~115938468~116363098&u_w=2560&u_h=1440&url=https%3A%2F%2Fwww.incidentiq.com%2Fproducts%2Fschool-facilities-management-software&ref=https%3A%2F%2Fwww.incidentiq.com%2Fevents&rcb=9&frm=0&tiba=Facilities%20Management%20Software%20for%20Schools%20K-12%20%7C%20Incident%20IQ&did=dY2Q2ZW&gdid=dY2Q2ZW&hn=www.googleadservices.com&npa=0&pscdl=noapi&auid=1148148271.1776007585&uaa=arm&uab=64&uafvl=Google%2520Chrome%3B147.0.7727.56%7CNot.A%252FBrand%3B8.0.0.0%7CChromium%3B147.0.7727.56&uamb=0&uam=&uap=macOS&uapv=26.3.1&uaw=0&_tu=CA&data=ads_data_redaction%3Dfalse&rfmt=3&fmt=4:0
[   22354ms] [ERROR] Failed to load resource: net::ERR_NAME_NOT_RESOLVED @ https://googleads.g.doubleclick.net/pagead/viewthroughconversion/791122909/?random=1776007598979&cv=11&fst=1776007598979&bg=ffffff&guid=ON&async=1&en=gtag.config&gtm=45be6490h2v9166792355z879782257za20gzb79782257zd79782257xec&gcd=13v3v3v3v5l1&dma=0&tag_exp=0~115938465~115938468~116363098&u_w=2560&u_h=1440&url=https%3A%2F%2Fwww.incidentiq.com%2Fproducts%2Fschool-facilities-management-software&ref=https%3A%2F%2Fwww.incidentiq.com%2Fevents&rcb=9&frm=0&tiba=Facilities%20Management%20Software%20for%20Schools%20K-12%20%7C%20Incident%20IQ&did=dY2Q2ZW&gdid=dY2Q2ZW&hn=www.googleadservices.com&npa=0&pscdl=noapi&auid=1148148271.1776007585&uaa=arm&uab=64&uafvl=Google%2520Chrome%3B147.0.7727.56%7CNot.A%252FBrand%3B8.0.0.0%7CChromium%3B147.0.7727.56&uamb=0&uam=&uap=macOS&uapv=26.3.1&uaw=0&_tu=CA&data=event%3Dgtag.config&rfmt=3&fmt=4:0
[   22383ms] [ERROR] Failed to load resource: net::ERR_NAME_NOT_RESOLVED @ https://www.googleadservices.com/pagead/conversion/791122909/?random=1776007598993&cv=11&fst=1776007598993&bg=ffffff&guid=ON&async=1&en=conversion&gtm=45be6490h2v9166792355z879782257za20gzb79782257zd79782257xea&gcs=G111&gcd=13v3v3v3v5l1&dma=0&tag_exp=0~115938465~115938468~116363098&u_w=2560&u_h=1440&url=https%3A%2F%2Fwww.incidentiq.com%2Fproducts%2Fschool-facilities-management-software&ref=https%3A%2F%2Fwww.incidentiq.com%2Fevents&rcb=9&label=OPkuCMDd3fgDEN2nnvkC&capi=1&frm=0&tiba=Facilities%20Management%20Software%20for%20Schools%20K-12%20%7C%20Incident%20IQ&did=dY2Q2ZW&gdid=dY2Q2ZW&bttype=purchase&value=0&hn=www.googleadservices.com&npa=0&pscdl=noapi&auid=1148148271.1776007585&uaa=arm&uab=64&uafvl=Google%2520Chrome%3B147.0.7727.56%7CNot.A%252FBrand%3B8.0.0.0%7CChromium%3B147.0.7727.56&uamb=0&uam=&uap=macOS&uapv=26.3.1&uaw=0&ec_mode=a&_tu=CA&gcl_ctr=2~0~0~0&data=ads_data_redaction%3Dfalse&category=acrcp_v1_512&em=tv.1&fmt=7:0
[   22394ms] [ERROR] Failed to load resource: net::ERR_NAME_NOT_RESOLVED @ https://googleads.g.doubleclick.net/pagead/viewthroughconversion/791122909/?random=1776007598991&cv=11&fst=1776007598991&fmt=3&bg=ffffff&guid=ON&async=1&gtm=45be6490h2v9166792355z879782257za20gzb79782257zd79782257xea&gcd=13v3v3v3v5l1&dma=0&tag_exp=0~115938465~115938468~116363098&u_w=2560&u_h=1440&url=https%3A%2F%2Fwww.incidentiq.com%2Fproducts%2Fschool-facilities-management-software&ref=https%3A%2F%2Fwww.incidentiq.com%2Fevents&rcb=9&frm=0&tiba=Facilities%20Management%20Software%20for%20Schools%20K-12%20%7C%20Incident%20IQ&did=dY2Q2ZW&gdid=dY2Q2ZW&hn=www.googleadservices.com&npa=0&pscdl=noapi&auid=1148148271.1776007585&uaa=arm&uab=64&uafvl=Google%2520Chrome%3B147.0.7727.56%7CNot.A%252FBrand%3B8.0.0.0%7CChromium%3B147.0.7727.56&uamb=0&uam=&uap=macOS&uapv=26.3.1&uaw=0&_tu=CA&data=ads_data_redaction%3Dfalse:0
[   22394ms] [ERROR] Failed to load resource: net::ERR_NAME_NOT_RESOLVED @ https://googleads.g.doubleclick.net/pagead/viewthroughconversion/791122909/?random=1776007598979&cv=11&fst=1776007598979&fmt=3&bg=ffffff&guid=ON&async=1&en=gtag.config&gtm=45be6490h2v9166792355z879782257za20gzb79782257zd79782257xec&gcd=13v3v3v3v5l1&dma=0&tag_exp=0~115938465~115938468~116363098&u_w=2560&u_h=1440&url=https%3A%2F%2Fwww.incidentiq.com%2Fproducts%2Fschool-facilities-management-software&ref=https%3A%2F%2Fwww.incidentiq.com%2Fevents&rcb=9&frm=0&tiba=Facilities%20Management%20Software%20for%20Schools%20K-12%20%7C%20Incident%20IQ&did=dY2Q2ZW&gdid=dY2Q2ZW&hn=www.googleadservices.com&npa=0&pscdl=noapi&auid=1148148271.1776007585&uaa=arm&uab=64&uafvl=Google%2520Chrome%3B147.0.7727.56%7CNot.A%252FBrand%3B8.0.0.0%7CChromium%3B147.0.7727.56&uamb=0&uam=&uap=macOS&uapv=26.3.1&uaw=0&_tu=CA&data=event%3Dgtag.config:0
[   22477ms] [WARNING] Failed to decode downloaded font: https://www.incidentiq.com/wp-content/themes/incidentiq/build/c3116a8e61fdc1ec04be.woff @ https://cdn-cookieyes.com/client_data/26bc3e7f31fafca733bf2a02/banner.js:0
[   22477ms] [WARNING] OTS parsing error: invalid sfntVersion: 1702391919 @ https://cdn-cookieyes.com/client_data/26bc3e7f31fafca733bf2a02/banner.js:0
[   22477ms] [WARNING] Failed to decode downloaded font: https://www.incidentiq.com/wp-content/themes/incidentiq/build/8a5252879a066e92dd14.woff @ https://cdn-cookieyes.com/client_data/26bc3e7f31fafca733bf2a02/banner.js:0
[   22477ms] [WARNING] OTS parsing error: invalid sfntVersion: 1702391919 @ https://cdn-cookieyes.com/client_data/26bc3e7f31fafca733bf2a02/banner.js:0
[   22477ms] [WARNING] Failed to decode downloaded font: https://www.incidentiq.com/wp-content/themes/incidentiq/build/9411e35d05f1c344538c.woff @ https://cdn-cookieyes.com/client_data/26bc3e7f31fafca733bf2a02/banner.js:0
[   22477ms] [WARNING] OTS parsing error: invalid sfntVersion: 1702391919 @ https://cdn-cookieyes.com/client_data/26bc3e7f31fafca733bf2a02/banner.js:0
[   22477ms] [WARNING] Failed to decode downloaded font: https://www.incidentiq.com/wp-content/themes/incidentiq/build/c3116a8e61fdc1ec04be.woff @ https://cdn-cookieyes.com/client_data/26bc3e7f31fafca733bf2a02/banner.js:0
[   22477ms] [WARNING] OTS parsing error: invalid sfntVersion: 1702391919 @ https://cdn-cookieyes.com/client_data/26bc3e7f31fafca733bf2a02/banner.js:0
[   22477ms] [WARNING] Failed to decode downloaded font: https://www.incidentiq.com/wp-content/themes/incidentiq/build/8a5252879a066e92dd14.woff @ https://cdn-cookieyes.com/client_data/26bc3e7f31fafca733bf2a02/banner.js:0
[   22477ms] [WARNING] OTS parsing error: invalid sfntVersion: 1702391919 @ https://cdn-cookieyes.com/client_data/26bc3e7f31fafca733bf2a02/banner.js:0
[   22477ms] [WARNING] Failed to decode downloaded font: https://www.incidentiq.com/wp-content/themes/incidentiq/build/9411e35d05f1c344538c.woff @ https://cdn-cookieyes.com/client_data/26bc3e7f31fafca733bf2a02/banner.js:0
[   22477ms] [WARNING] OTS parsing error: invalid sfntVersion: 1702391919 @ https://cdn-cookieyes.com/client_data/26bc3e7f31fafca733bf2a02/banner.js:0
[   22493ms] [WARNING] Failed to decode downloaded font: https://www.incidentiq.com/wp-content/themes/incidentiq/build/c3116a8e61fdc1ec04be.woff @ https://www.incidentiq.com/wp-content/cache/min/1/assets/external/E-v1.js?ver=1775826799:0
[   22493ms] [WARNING] OTS parsing error: invalid sfntVersion: 1702391919 @ https://www.incidentiq.com/wp-content/cache/min/1/assets/external/E-v1.js?ver=1775826799:0
[   22493ms] [WARNING] Failed to decode downloaded font: https://www.incidentiq.com/wp-content/themes/incidentiq/build/8a5252879a066e92dd14.woff @ https://www.incidentiq.com/wp-content/cache/min/1/assets/external/E-v1.js?ver=1775826799:0
[   22493ms] [WARNING] OTS parsing error: invalid sfntVersion: 1702391919 @ https://www.incidentiq.com/wp-content/cache/min/1/assets/external/E-v1.js?ver=1775826799:0
[   22493ms] [WARNING] Failed to decode downloaded font: https://www.incidentiq.com/wp-content/themes/incidentiq/build/9411e35d05f1c344538c.woff @ https://www.incidentiq.com/wp-content/cache/min/1/assets/external/E-v1.js?ver=1775826799:0
[   22493ms] [WARNING] OTS parsing error: invalid sfntVersion: 1702391919 @ https://www.incidentiq.com/wp-content/cache/min/1/assets/external/E-v1.js?ver=1775826799:0
[   22493ms] [WARNING] Failed to decode downloaded font: https://www.incidentiq.com/wp-content/themes/incidentiq/build/c3116a8e61fdc1ec04be.woff @ https://www.incidentiq.com/wp-content/cache/min/1/assets/external/E-v1.js?ver=1775826799:0
[   22493ms] [WARNING] OTS parsing error: invalid sfntVersion: 1702391919 @ https://www.incidentiq.com/wp-content/cache/min/1/assets/external/E-v1.js?ver=1775826799:0
[   22493ms] [WARNING] Failed to decode downloaded font: https://www.incidentiq.com/wp-content/themes/incidentiq/build/8a5252879a066e92dd14.woff @ https://www.incidentiq.com/wp-content/cache/min/1/assets/external/E-v1.js?ver=1775826799:0
[   22493ms] [WARNING] OTS parsing error: invalid sfntVersion: 1702391919 @ https://www.incidentiq.com/wp-content/cache/min/1/assets/external/E-v1.js?ver=1775826799:0
[   22493ms] [WARNING] Failed to decode downloaded font: https://www.incidentiq.com/wp-content/themes/incidentiq/build/9411e35d05f1c344538c.woff @ https://www.incidentiq.com/wp-content/cache/min/1/assets/external/E-v1.js?ver=1775826799:0
[   22493ms] [WARNING] OTS parsing error: invalid sfntVersion: 1702391919 @ https://www.incidentiq.com/wp-content/cache/min/1/assets/external/E-v1.js?ver=1775826799:0
[   22497ms] [ERROR] Failed to load resource: net::ERR_NAME_NOT_RESOLVED @ https://tags.srv.stackadapt.com/events.js:0
[   22503ms] [WARNING] Failed to decode downloaded font: https://www.incidentiq.com/wp-content/themes/incidentiq/build/c3116a8e61fdc1ec04be.woff @ https://www.incidentiq.com/wp-content/cache/min/1/assets/external/E-v1.js?ver=1775826799:0
[   22503ms] [WARNING] OTS parsing error: invalid sfntVersion: 1702391919 @ https://www.incidentiq.com/wp-content/cache/min/1/assets/external/E-v1.js?ver=1775826799:0
[   22503ms] [WARNING] Failed to decode downloaded font: https://www.incidentiq.com/wp-content/themes/incidentiq/build/8a5252879a066e92dd14.woff @ https://www.incidentiq.com/wp-content/cache/min/1/assets/external/E-v1.js?ver=1775826799:0
[   22503ms] [WARNING] OTS parsing error: invalid sfntVersion: 1702391919 @ https://www.incidentiq.com/wp-content/cache/min/1/assets/external/E-v1.js?ver=1775826799:0
[   22503ms] [WARNING] Failed to decode downloaded font: https://www.incidentiq.com/wp-content/themes/incidentiq/build/9411e35d05f1c344538c.woff @ https://www.incidentiq.com/wp-content/cache/min/1/assets/external/E-v1.js?ver=1775826799:0
[   22503ms] [WARNING] OTS parsing error: invalid sfntVersion: 1702391919 @ https://www.incidentiq.com/wp-content/cache/min/1/assets/external/E-v1.js?ver=1775826799:0
[   22503ms] [WARNING] Failed to decode downloaded font: https://www.incidentiq.com/wp-content/themes/incidentiq/build/c3116a8e61fdc1ec04be.woff @ https://www.incidentiq.com/wp-content/cache/min/1/assets/external/E-v1.js?ver=1775826799:0
[   22503ms] [WARNING] OTS parsing error: invalid sfntVersion: 1702391919 @ https://www.incidentiq.com/wp-content/cache/min/1/assets/external/E-v1.js?ver=1775826799:0
[   22503ms] [WARNING] Failed to decode downloaded font: https://www.incidentiq.com/wp-content/themes/incidentiq/build/8a5252879a066e92dd14.woff @ https://www.incidentiq.com/wp-content/cache/min/1/assets/external/E-v1.js?ver=1775826799:0
[   22503ms] [WARNING] OTS parsing error: invalid sfntVersion: 1702391919 @ https://www.incidentiq.com/wp-content/cache/min/1/assets/external/E-v1.js?ver=1775826799:0
[   22503ms] [WARNING] Failed to decode downloaded font: https://www.incidentiq.com/wp-content/themes/incidentiq/build/9411e35d05f1c344538c.woff @ https://www.incidentiq.com/wp-content/cache/min/1/assets/external/E-v1.js?ver=1775826799:0
[   22503ms] [WARNING] OTS parsing error: invalid sfntVersion: 1702391919 @ https://www.incidentiq.com/wp-content/cache/min/1/assets/external/E-v1.js?ver=1775826799:0
[   22536ms] [ERROR] Failed to load resource: net::ERR_NAME_NOT_RESOLVED @ https://secure.adnxs.com/getuidj:0
[   22537ms] [WARNING] Failed to decode downloaded font: https://www.incidentiq.com/wp-content/themes/incidentiq/build/c3116a8e61fdc1ec04be.woff @ https://www.redditstatic.com/ads/pixel.js:0
[   22537ms] [WARNING] OTS parsing error: invalid sfntVersion: 1702391919 @ https://www.redditstatic.com/ads/pixel.js:0
[   22537ms] [WARNING] Failed to decode downloaded font: https://www.incidentiq.com/wp-content/themes/incidentiq/build/8a5252879a066e92dd14.woff @ https://www.redditstatic.com/ads/pixel.js:0
[   22537ms] [WARNING] OTS parsing error: invalid sfntVersion: 1702391919 @ https://www.redditstatic.com/ads/pixel.js:0
[   22537ms] [WARNING] Failed to decode downloaded font: https://www.incidentiq.com/wp-content/themes/incidentiq/build/9411e35d05f1c344538c.woff @ https://www.redditstatic.com/ads/pixel.js:0
[   22537ms] [WARNING] OTS parsing error: invalid sfntVersion: 1702391919 @ https://www.redditstatic.com/ads/pixel.js:0
[   22537ms] [WARNING] Failed to decode downloaded font: https://www.incidentiq.com/wp-content/themes/incidentiq/build/c3116a8e61fdc1ec04be.woff @ https://www.redditstatic.com/ads/pixel.js:0
[   22537ms] [WARNING] OTS parsing error: invalid sfntVersion: 1702391919 @ https://www.redditstatic.com/ads/pixel.js:0
[   22537ms] [WARNING] Failed to decode downloaded font: https://www.incidentiq.com/wp-content/themes/incidentiq/build/8a5252879a066e92dd14.woff @ https://www.redditstatic.com/ads/pixel.js:0
[   22537ms] [WARNING] OTS parsing error: invalid sfntVersion: 1702391919 @ https://www.redditstatic.com/ads/pixel.js:0
[   22537ms] [WARNING] Failed to decode downloaded font: https://www.incidentiq.com/wp-content/themes/incidentiq/build/9411e35d05f1c344538c.woff @ https://www.redditstatic.com/ads/pixel.js:0
[   22537ms] [WARNING] OTS parsing error: invalid sfntVersion: 1702391919 @ https://www.redditstatic.com/ads/pixel.js:0
[   22539ms] [LOG] %c6sense JS 
        font-weight: bold;
        border-radius: 3px;
        background-color: #ff583d;
        color: #192232;
        padding: 1px 2px;
         Error loading pending commands: Found a _6si object on the window, but it was not an array. @ https://j.6sc.co/6si.min.js:0
[   22593ms] [ERROR] Failed to load resource: net::ERR_NAME_NOT_RESOLVED @ https://792-ttg-698.mktoresp.com/webevents/visitWebPage?_mchNc=1776007599228&_mchCn=&_mchId=792-TTG-698&_mchTk=_mch-incidentiq.com-b8e82461b0dd92cd9eb76a81bb25e90a&_mchHo=www.incidentiq.com&_mchPo=&_mchRu=%2Fproducts%2Fschool-facilities-management-software&_mchPc=https%3A&_mchVr=165&_mchEcid=&_mchHa=&_mchRe=https%3A%2F%2Fwww.incidentiq.com%2Fevents&_mchQp=:0
[   22684ms] [ERROR] Failed to load resource: net::ERR_NAME_NOT_RESOLVED @ https://epsilon.6sense.com/v3/company/details:0
[   22782ms] [ERROR] Failed to load resource: net::ERR_NAME_NOT_RESOLVED @ https://stags.bluekai.com/site/24365?limit=1&phint=activation%3Da_incident-iq_us_kpi-target_incident-iq:0
[   22852ms] [ERROR] Failed to load resource: net::ERR_NAME_NOT_RESOLVED @ https://pixel.rubiconproject.com/tap.php?v=8981&nid=2307&put=abdb53a4-1bf7-4530-be51-983863b9413d&gdpr=0&gdpr_consent=&expires=30&next=https%3A%2F%2Fmatch.adsrvr.org%2Ftrack%2Fcmf%2Frubicon:0
[   22985ms] [WARNING] Failed to decode downloaded font: https://www.incidentiq.com/wp-content/themes/incidentiq/build/c3116a8e61fdc1ec04be.woff @ https://www.incidentiq.com/products/school-facilities-management-software:0
[   22985ms] [WARNING] OTS parsing error: invalid sfntVersion: 1702391919 @ https://www.incidentiq.com/products/school-facilities-management-software:0
[   22985ms] [WARNING] Failed to decode downloaded font: https://www.incidentiq.com/wp-content/themes/incidentiq/build/8a5252879a066e92dd14.woff @ https://www.incidentiq.com/products/school-facilities-management-software:0
[   22985ms] [WARNING] OTS parsing error: invalid sfntVersion: 1702391919 @ https://www.incidentiq.com/products/school-facilities-management-software:0
[   22985ms] [WARNING] Failed to decode downloaded font: https://www.incidentiq.com/wp-content/themes/incidentiq/build/9411e35d05f1c344538c.woff @ https://www.incidentiq.com/products/school-facilities-management-software:0
[   22985ms] [WARNING] OTS parsing error: invalid sfntVersion: 1702391919 @ https://www.incidentiq.com/products/school-facilities-management-software:0
[   22985ms] [WARNING] Failed to decode downloaded font: https://www.incidentiq.com/wp-content/themes/incidentiq/build/c3116a8e61fdc1ec04be.woff @ https://www.incidentiq.com/products/school-facilities-management-software:0
[   22985ms] [WARNING] OTS parsing error: invalid sfntVersion: 1702391919 @ https://www.incidentiq.com/products/school-facilities-management-software:0
[   22985ms] [WARNING] Failed to decode downloaded font: https://www.incidentiq.com/wp-content/themes/incidentiq/build/8a5252879a066e92dd14.woff @ https://www.incidentiq.com/products/school-facilities-management-software:0
[   22985ms] [WARNING] OTS parsing error: invalid sfntVersion: 1702391919 @ https://www.incidentiq.com/products/school-facilities-management-software:0
[   22985ms] [WARNING] Failed to decode downloaded font: https://www.incidentiq.com/wp-content/themes/incidentiq/build/9411e35d05f1c344538c.woff @ https://www.incidentiq.com/products/school-facilities-management-software:0
[   22985ms] [WARNING] OTS parsing error: invalid sfntVersion: 1702391919 @ https://www.incidentiq.com/products/school-facilities-management-software:0
[   23304ms] [ERROR] Failed to load resource: net::ERR_SSL_VERSION_OR_CIPHER_MISMATCH @ https://www2.incidentiq.com/dcjs/795003/633/dc.js:0
[   32530ms] [ERROR] Failed to load resource: net::ERR_NAME_NOT_RESOLVED @ https://792-ttg-698.mktoresp.com/webevents/clickLink?_mchNc=1776007609164&_mchHr=https%3A%2F%2Fwww.incidentiq.com%2Fproducts%2Finstructional-materials-management-software&_mchId=792-TTG-698&_mchTk=_mch-incidentiq.com-b8e82461b0dd92cd9eb76a81bb25e90a&_mchCn=&_mchHo=www.incidentiq.com&_mchPo=&_mchRu=%2Fproducts%2Fschool-facilities-management-software&_mchPc=https%3A&_mchVr=165&_mchEcid=&:0
[   32762ms] [ERROR] Failed to load resource: net::ERR_NAME_NOT_RESOLVED @ https://www.googleadservices.com/pagead/conversion/791122909/?random=1776007609386&cv=11&fst=1776007609386&bg=ffffff&guid=ON&async=1&en=conversion&gtm=45be6490h2v9166792355z879782257za20gzb79782257zd79782257xea&gcs=G111&gcd=13v3v3v3v5l1&dma=0&tag_exp=0~115616985~115938466~115938469~117266400~118442252&u_w=2560&u_h=1440&url=https%3A%2F%2Fwww.incidentiq.com%2Fproducts%2Finstructional-materials-management-software&ref=https%3A%2F%2Fwww.incidentiq.com%2Fproducts%2Fschool-facilities-management-software&rcb=15&label=OPkuCMDd3fgDEN2nnvkC&capi=1&frm=0&tiba=Instructional%20Materials%20Management%20Software%20for%20K-12%20%7C%20Incident%20IQ&did=dY2Q2ZW&gdid=dY2Q2ZW&bttype=purchase&value=0&hn=www.googleadservices.com&npa=0&pscdl=noapi&auid=1148148271.1776007585&uaa=arm&uab=64&uafvl=Google%2520Chrome%3B147.0.7727.56%7CNot.A%252FBrand%3B8.0.0.0%7CChromium%3B147.0.7727.56&uamb=0&uam=&uap=macOS&uapv=26.3.1&uaw=0&ec_mode=a&_tu=CA&gcl_ctr=3~0~0~0&data=ads_data_redaction%3Dfalse&category=acrcp_v1_512&em=tv.1&fmt=7:0
[   32784ms] [LOG] JQMIGRATE: Migrate is installed, version 3.4.1 @ https://www.incidentiq.com/wp-includes/js/jquery/jquery-migrate.min.js?ver=3.4.1:1
[   32784ms] ReferenceError: gaconnector2 is not defined
    at https://www.incidentiq.com/products/instructional-materials-management-software:102:32
[   32788ms] [WARNING] Failed to decode downloaded font: https://www.incidentiq.com/wp-content/themes/incidentiq/build/c3116a8e61fdc1ec04be.woff @ https://www.incidentiq.com/products/instructional-materials-management-software:0
[   32788ms] [WARNING] OTS parsing error: invalid sfntVersion: 1702391919 @ https://www.incidentiq.com/products/instructional-materials-management-software:0
[   32788ms] [WARNING] Failed to decode downloaded font: https://www.incidentiq.com/wp-content/themes/incidentiq/build/8a5252879a066e92dd14.woff @ https://www.incidentiq.com/products/instructional-materials-management-software:0
[   32788ms] [WARNING] OTS parsing error: invalid sfntVersion: 1702391919 @ https://www.incidentiq.com/products/instructional-materials-management-software:0
[   32788ms] [WARNING] Failed to decode downloaded font: https://www.incidentiq.com/wp-content/themes/incidentiq/build/9411e35d05f1c344538c.woff @ https://www.incidentiq.com/products/instructional-materials-management-software:0
[   32788ms] [WARNING] OTS parsing error: invalid sfntVersion: 1702391919 @ https://www.incidentiq.com/products/instructional-materials-management-software:0
[   32788ms] [WARNING] Failed to decode downloaded font: https://www.incidentiq.com/wp-content/themes/incidentiq/build/c3116a8e61fdc1ec04be.woff @ https://www.incidentiq.com/products/instructional-materials-management-software:0
[   32788ms] [WARNING] OTS parsing error: invalid sfntVersion: 1702391919 @ https://www.incidentiq.com/products/instructional-materials-management-software:0
[   32788ms] [WARNING] Failed to decode downloaded font: https://www.incidentiq.com/wp-content/themes/incidentiq/build/8a5252879a066e92dd14.woff @ https://www.incidentiq.com/products/instructional-materials-management-software:0
[   32788ms] [WARNING] OTS parsing error: invalid sfntVersion: 1702391919 @ https://www.incidentiq.com/products/instructional-materials-management-software:0
[   32788ms] [WARNING] Failed to decode downloaded font: https://www.incidentiq.com/wp-content/themes/incidentiq/build/9411e35d05f1c344538c.woff @ https://www.incidentiq.com/products/instructional-materials-management-software:0
[   32788ms] [WARNING] OTS parsing error: invalid sfntVersion: 1702391919 @ https://www.incidentiq.com/products/instructional-materials-management-software:0
[   32795ms] [WARNING] E-v1.js is not being hosted from a "fast.wistia" host. Self-hosting, making static copies of this script, or including this script in an optimizer may cause embeds to stop functioning. Check Wistia's Help Center for more information. @ https://www.incidentiq.com/wp-content/cache/min/1/assets/external/E-v1.js?ver=1775826799:0
[   32796ms] [WARNING] E-v1.js is not being hosted from a "fast.wistia" host. Self-hosting, making static copies of this script, or including this script in an optimizer may cause embeds to stop functioning. Check Wistia's Help Center for more information. @ https://www.incidentiq.com/wp-content/cache/min/1/assets/external/E-v1.js?ver=1775826799:0
[   32798ms] [WARNING] E-v1.js is not being hosted from a "fast.wistia" host. Self-hosting, making static copies of this script, or including this script in an optimizer may cause embeds to stop functioning. Check Wistia's Help Center for more information. @ https://www.incidentiq.com/wp-content/cache/min/1/assets/external/E-v1.js?ver=1775826799:0
[   32798ms] [WARNING] E-v1.js is not being hosted from a "fast.wistia" host. Self-hosting, making static copies of this script, or including this script in an optimizer may cause embeds to stop functioning. Check Wistia's Help Center for more information. @ https://www.incidentiq.com/wp-content/cache/min/1/assets/external/E-v1.js?ver=1775826799:0
[   32801ms] [WARNING] Failed to decode downloaded font: https://www.incidentiq.com/wp-content/themes/incidentiq/build/c3116a8e61fdc1ec04be.woff @ https://www.incidentiq.com/products/instructional-materials-management-software:0
[   32801ms] [WARNING] OTS parsing error: invalid sfntVersion: 1702391919 @ https://www.incidentiq.com/products/instructional-materials-management-software:0
[   32801ms] [WARNING] Failed to decode downloaded font: https://www.incidentiq.com/wp-content/themes/incidentiq/build/8a5252879a066e92dd14.woff @ https://www.incidentiq.com/products/instructional-materials-management-software:0
[   32801ms] [WARNING] OTS parsing error: invalid sfntVersion: 1702391919 @ https://www.incidentiq.com/products/instructional-materials-management-software:0
[   32801ms] [WARNING] Failed to decode downloaded font: https://www.incidentiq.com/wp-content/themes/incidentiq/build/9411e35d05f1c344538c.woff @ https://www.incidentiq.com/products/instructional-materials-management-software:0
[   32801ms] [WARNING] OTS parsing error: invalid sfntVersion: 1702391919 @ https://www.incidentiq.com/products/instructional-materials-management-software:0
[   32801ms] [WARNING] Failed to decode downloaded font: https://www.incidentiq.com/wp-content/themes/incidentiq/build/c3116a8e61fdc1ec04be.woff @ https://www.incidentiq.com/products/instructional-materials-management-software:0
[   32801ms] [WARNING] OTS parsing error: invalid sfntVersion: 1702391919 @ https://www.incidentiq.com/products/instructional-materials-management-software:0
[   32801ms] [WARNING] Failed to decode downloaded font: https://www.incidentiq.com/wp-content/themes/incidentiq/build/8a5252879a066e92dd14.woff @ https://www.incidentiq.com/products/instructional-materials-management-software:0
[   32801ms] [WARNING] OTS parsing error: invalid sfntVersion: 1702391919 @ https://www.incidentiq.com/products/instructional-materials-management-software:0
[   32801ms] [WARNING] Failed to decode downloaded font: https://www.incidentiq.com/wp-content/themes/incidentiq/build/9411e35d05f1c344538c.woff @ https://www.incidentiq.com/products/instructional-materials-management-software:0
[   32801ms] [WARNING] OTS parsing error: invalid sfntVersion: 1702391919 @ https://www.incidentiq.com/products/instructional-materials-management-software:0
[   32810ms] [ERROR] Failed to load resource: net::ERR_NAME_NOT_RESOLVED @ https://googleads.g.doubleclick.net/pagead/viewthroughconversion/791122909/?random=1776007609379&cv=11&fst=1776007609379&bg=ffffff&guid=ON&async=1&en=gtag.config&gtm=45be6490h2v9166792355z879782257za20gzb79782257zd79782257xec&gcd=13v3v3v3v5l1&dma=0&tag_exp=0~115616985~115938466~115938469~117266400~118442252&u_w=2560&u_h=1440&url=https%3A%2F%2Fwww.incidentiq.com%2Fproducts%2Finstructional-materials-management-software&ref=https%3A%2F%2Fwww.incidentiq.com%2Fproducts%2Fschool-facilities-management-software&rcb=15&frm=0&tiba=Instructional%20Materials%20Management%20Software%20for%20K-12%20%7C%20Incident%20IQ&did=dY2Q2ZW&gdid=dY2Q2ZW&hn=www.googleadservices.com&npa=0&pscdl=noapi&auid=1148148271.1776007585&uaa=arm&uab=64&uafvl=Google%2520Chrome%3B147.0.7727.56%7CNot.A%252FBrand%3B8.0.0.0%7CChromium%3B147.0.7727.56&uamb=0&uam=&uap=macOS&uapv=26.3.1&uaw=0&_tu=CA&data=event%3Dgtag.config&rfmt=3&fmt=4:0
[   32810ms] [ERROR] Failed to load resource: net::ERR_NAME_NOT_RESOLVED @ https://googleads.g.doubleclick.net/pagead/viewthroughconversion/791122909/?random=1776007609385&cv=11&fst=1776007609385&bg=ffffff&guid=ON&async=1&gtm=45be6490h2v9166792355z879782257za20gzb79782257zd79782257xea&gcd=13v3v3v3v5l1&dma=0&tag_exp=0~115616985~115938466~115938469~117266400~118442252&u_w=2560&u_h=1440&url=https%3A%2F%2Fwww.incidentiq.com%2Fproducts%2Finstructional-materials-management-software&ref=https%3A%2F%2Fwww.incidentiq.com%2Fproducts%2Fschool-facilities-management-software&rcb=15&frm=0&tiba=Instructional%20Materials%20Management%20Software%20for%20K-12%20%7C%20Incident%20IQ&did=dY2Q2ZW&gdid=dY2Q2ZW&hn=www.googleadservices.com&npa=0&pscdl=noapi&auid=1148148271.1776007585&uaa=arm&uab=64&uafvl=Google%2520Chrome%3B147.0.7727.56%7CNot.A%252FBrand%3B8.0.0.0%7CChromium%3B147.0.7727.56&uamb=0&uam=&uap=macOS&uapv=26.3.1&uaw=0&_tu=CA&data=ads_data_redaction%3Dfalse&rfmt=3&fmt=4:0
[   32819ms] [WARNING] Failed to decode downloaded font: https://www.incidentiq.com/wp-content/themes/incidentiq/build/c3116a8e61fdc1ec04be.woff @ https://kit-pro.fontawesome.com/releases/latest/js/pro.min.js:0
[   32819ms] [WARNING] OTS parsing error: invalid sfntVersion: 1702391919 @ https://kit-pro.fontawesome.com/releases/latest/js/pro.min.js:0
[   32819ms] [WARNING] Failed to decode downloaded font: https://www.incidentiq.com/wp-content/themes/incidentiq/build/8a5252879a066e92dd14.woff @ https://kit-pro.fontawesome.com/releases/latest/js/pro.min.js:0
[   32819ms] [WARNING] OTS parsing error: invalid sfntVersion: 1702391919 @ https://kit-pro.fontawesome.com/releases/latest/js/pro.min.js:0
[   32819ms] [WARNING] Failed to decode downloaded font: https://www.incidentiq.com/wp-content/themes/incidentiq/build/9411e35d05f1c344538c.woff @ https://kit-pro.fontawesome.com/releases/latest/js/pro.min.js:0
[   32819ms] [WARNING] OTS parsing error: invalid sfntVersion: 1702391919 @ https://kit-pro.fontawesome.com/releases/latest/js/pro.min.js:0
[   32819ms] [WARNING] Failed to decode downloaded font: https://www.incidentiq.com/wp-content/themes/incidentiq/build/c3116a8e61fdc1ec04be.woff @ https://kit-pro.fontawesome.com/releases/latest/js/pro.min.js:0
[   32819ms] [WARNING] OTS parsing error: invalid sfntVersion: 1702391919 @ https://kit-pro.fontawesome.com/releases/latest/js/pro.min.js:0
[   32819ms] [WARNING] Failed to decode downloaded font: https://www.incidentiq.com/wp-content/themes/incidentiq/build/8a5252879a066e92dd14.woff @ https://kit-pro.fontawesome.com/releases/latest/js/pro.min.js:0
[   32819ms] [WARNING] OTS parsing error: invalid sfntVersion: 1702391919 @ https://kit-pro.fontawesome.com/releases/latest/js/pro.min.js:0
[   32819ms] [WARNING] Failed to decode downloaded font: https://www.incidentiq.com/wp-content/themes/incidentiq/build/9411e35d05f1c344538c.woff @ https://kit-pro.fontawesome.com/releases/latest/js/pro.min.js:0
[   32819ms] [WARNING] OTS parsing error: invalid sfntVersion: 1702391919 @ https://kit-pro.fontawesome.com/releases/latest/js/pro.min.js:0
[   32834ms] [ERROR] Failed to load resource: net::ERR_NAME_NOT_RESOLVED @ https://googleads.g.doubleclick.net/pagead/viewthroughconversion/791122909/?random=1776007609379&cv=11&fst=1776007609379&fmt=3&bg=ffffff&guid=ON&async=1&en=gtag.config&gtm=45be6490h2v9166792355z879782257za20gzb79782257zd79782257xec&gcd=13v3v3v3v5l1&dma=0&tag_exp=0~115616985~115938466~115938469~117266400~118442252&u_w=2560&u_h=1440&url=https%3A%2F%2Fwww.incidentiq.com%2Fproducts%2Finstructional-materials-management-software&ref=https%3A%2F%2Fwww.incidentiq.com%2Fproducts%2Fschool-facilities-management-software&rcb=15&frm=0&tiba=Instructional%20Materials%20Management%20Software%20for%20K-12%20%7C%20Incident%20IQ&did=dY2Q2ZW&gdid=dY2Q2ZW&hn=www.googleadservices.com&npa=0&pscdl=noapi&auid=1148148271.1776007585&uaa=arm&uab=64&uafvl=Google%2520Chrome%3B147.0.7727.56%7CNot.A%252FBrand%3B8.0.0.0%7CChromium%3B147.0.7727.56&uamb=0&uam=&uap=macOS&uapv=26.3.1&uaw=0&_tu=CA&data=event%3Dgtag.config:0
[   32834ms] [ERROR] Failed to load resource: net::ERR_NAME_NOT_RESOLVED @ https://googleads.g.doubleclick.net/pagead/viewthroughconversion/791122909/?random=1776007609385&cv=11&fst=1776007609385&fmt=3&bg=ffffff&guid=ON&async=1&gtm=45be6490h2v9166792355z879782257za20gzb79782257zd79782257xea&gcd=13v3v3v3v5l1&dma=0&tag_exp=0~115616985~115938466~115938469~117266400~118442252&u_w=2560&u_h=1440&url=https%3A%2F%2Fwww.incidentiq.com%2Fproducts%2Finstructional-materials-management-software&ref=https%3A%2F%2Fwww.incidentiq.com%2Fproducts%2Fschool-facilities-management-software&rcb=15&frm=0&tiba=Instructional%20Materials%20Management%20Software%20for%20K-12%20%7C%20Incident%20IQ&did=dY2Q2ZW&gdid=dY2Q2ZW&hn=www.googleadservices.com&npa=0&pscdl=noapi&auid=1148148271.1776007585&uaa=arm&uab=64&uafvl=Google%2520Chrome%3B147.0.7727.56%7CNot.A%252FBrand%3B8.0.0.0%7CChromium%3B147.0.7727.56&uamb=0&uam=&uap=macOS&uapv=26.3.1&uaw=0&_tu=CA&data=ads_data_redaction%3Dfalse:0
[   32843ms] [WARNING] Failed to decode downloaded font: https://www.incidentiq.com/wp-content/themes/incidentiq/build/c3116a8e61fdc1ec04be.woff @ https://www.incidentiq.com/wp-content/cache/min/1/assets/external/E-v1.js?ver=1775826799:0
[   32843ms] [WARNING] OTS parsing error: invalid sfntVersion: 1702391919 @ https://www.incidentiq.com/wp-content/cache/min/1/assets/external/E-v1.js?ver=1775826799:0
[   32843ms] [WARNING] Failed to decode downloaded font: https://www.incidentiq.com/wp-content/themes/incidentiq/build/8a5252879a066e92dd14.woff @ https://www.incidentiq.com/wp-content/cache/min/1/assets/external/E-v1.js?ver=1775826799:0
[   32843ms] [WARNING] OTS parsing error: invalid sfntVersion: 1702391919 @ https://www.incidentiq.com/wp-content/cache/min/1/assets/external/E-v1.js?ver=1775826799:0
[   32843ms] [WARNING] Failed to decode downloaded font: https://www.incidentiq.com/wp-content/themes/incidentiq/build/9411e35d05f1c344538c.woff @ https://www.incidentiq.com/wp-content/cache/min/1/assets/external/E-v1.js?ver=1775826799:0
[   32843ms] [WARNING] OTS parsing error: invalid sfntVersion: 1702391919 @ https://www.incidentiq.com/wp-content/cache/min/1/assets/external/E-v1.js?ver=1775826799:0
[   32843ms] [WARNING] Failed to decode downloaded font: https://www.incidentiq.com/wp-content/themes/incidentiq/build/c3116a8e61fdc1ec04be.woff @ https://www.incidentiq.com/wp-content/cache/min/1/assets/external/E-v1.js?ver=1775826799:0
[   32843ms] [WARNING] OTS parsing error: invalid sfntVersion: 1702391919 @ https://www.incidentiq.com/wp-content/cache/min/1/assets/external/E-v1.js?ver=1775826799:0
[   32843ms] [WARNING] Failed to decode downloaded font: https://www.incidentiq.com/wp-content/themes/incidentiq/build/8a5252879a066e92dd14.woff @ https://www.incidentiq.com/wp-content/cache/min/1/assets/external/E-v1.js?ver=1775826799:0
[   32843ms] [WARNING] OTS parsing error: invalid sfntVersion: 1702391919 @ https://www.incidentiq.com/wp-content/cache/min/1/assets/external/E-v1.js?ver=1775826799:0
[   32843ms] [WARNING] Failed to decode downloaded font: https://www.incidentiq.com/wp-content/themes/incidentiq/build/9411e35d05f1c344538c.woff @ https://www.incidentiq.com/wp-content/cache/min/1/assets/external/E-v1.js?ver=1775826799:0
[   32843ms] [WARNING] OTS parsing error: invalid sfntVersion: 1702391919 @ https://www.incidentiq.com/wp-content/cache/min/1/assets/external/E-v1.js?ver=1775826799:0
[   32846ms] [WARNING] Failed to decode downloaded font: https://www.incidentiq.com/wp-content/themes/incidentiq/build/c3116a8e61fdc1ec04be.woff @ https://www.incidentiq.com/wp-content/cache/min/1/assets/external/E-v1.js?ver=1775826799:0
[   32846ms] [WARNING] OTS parsing error: invalid sfntVersion: 1702391919 @ https://www.incidentiq.com/wp-content/cache/min/1/assets/external/E-v1.js?ver=1775826799:0
[   32846ms] [WARNING] Failed to decode downloaded font: https://www.incidentiq.com/wp-content/themes/incidentiq/build/8a5252879a066e92dd14.woff @ https://www.incidentiq.com/wp-content/cache/min/1/assets/external/E-v1.js?ver=1775826799:0
[   32846ms] [WARNING] OTS parsing error: invalid sfntVersion: 1702391919 @ https://www.incidentiq.com/wp-content/cache/min/1/assets/external/E-v1.js?ver=1775826799:0
[   32846ms] [WARNING] Failed to decode downloaded font: https://www.incidentiq.com/wp-content/themes/incidentiq/build/9411e35d05f1c344538c.woff @ https://www.incidentiq.com/wp-content/cache/min/1/assets/external/E-v1.js?ver=1775826799:0
[   32846ms] [WARNING] OTS parsing error: invalid sfntVersion: 1702391919 @ https://www.incidentiq.com/wp-content/cache/min/1/assets/external/E-v1.js?ver=1775826799:0
[   32846ms] [WARNING] Failed to decode downloaded font: https://www.incidentiq.com/wp-content/themes/incidentiq/build/c3116a8e61fdc1ec04be.woff @ https://www.incidentiq.com/wp-content/cache/min/1/assets/external/E-v1.js?ver=1775826799:0
[   32846ms] [WARNING] OTS parsing error: invalid sfntVersion: 1702391919 @ https://www.incidentiq.com/wp-content/cache/min/1/assets/external/E-v1.js?ver=1775826799:0
[   32846ms] [WARNING] Failed to decode downloaded font: https://www.incidentiq.com/wp-content/themes/incidentiq/build/8a5252879a066e92dd14.woff @ https://www.incidentiq.com/wp-content/cache/min/1/assets/external/E-v1.js?ver=1775826799:0
[   32846ms] [WARNING] OTS parsing error: invalid sfntVersion: 1702391919 @ https://www.incidentiq.com/wp-content/cache/min/1/assets/external/E-v1.js?ver=1775826799:0
[   32846ms] [WARNING] Failed to decode downloaded font: https://www.incidentiq.com/wp-content/themes/incidentiq/build/9411e35d05f1c344538c.woff @ https://www.incidentiq.com/wp-content/cache/min/1/assets/external/E-v1.js?ver=1775826799:0
[   32846ms] [WARNING] OTS parsing error: invalid sfntVersion: 1702391919 @ https://www.incidentiq.com/wp-content/cache/min/1/assets/external/E-v1.js?ver=1775826799:0
[   32871ms] [WARNING] Failed to decode downloaded font: https://www.incidentiq.com/wp-content/themes/incidentiq/build/c3116a8e61fdc1ec04be.woff @ https://www.incidentiq.com/products/instructional-materials-management-software:0
[   32871ms] [WARNING] OTS parsing error: invalid sfntVersion: 1702391919 @ https://www.incidentiq.com/products/instructional-materials-management-software:0
[   32871ms] [WARNING] Failed to decode downloaded font: https://www.incidentiq.com/wp-content/themes/incidentiq/build/8a5252879a066e92dd14.woff @ https://www.incidentiq.com/products/instructional-materials-management-software:0
[   32871ms] [WARNING] OTS parsing error: invalid sfntVersion: 1702391919 @ https://www.incidentiq.com/products/instructional-materials-management-software:0
[   32871ms] [WARNING] Failed to decode downloaded font: https://www.incidentiq.com/wp-content/themes/incidentiq/build/9411e35d05f1c344538c.woff @ https://www.incidentiq.com/products/instructional-materials-management-software:0
[   32871ms] [WARNING] OTS parsing error: invalid sfntVersion: 1702391919 @ https://www.incidentiq.com/products/instructional-materials-management-software:0
[   32871ms] [WARNING] Failed to decode downloaded font: https://www.incidentiq.com/wp-content/themes/incidentiq/build/c3116a8e61fdc1ec04be.woff @ https://www.incidentiq.com/products/instructional-materials-management-software:0
[   32871ms] [WARNING] OTS parsing error: invalid sfntVersion: 1702391919 @ https://www.incidentiq.com/products/instructional-materials-management-software:0
[   32871ms] [WARNING] Failed to decode downloaded font: https://www.incidentiq.com/wp-content/themes/incidentiq/build/8a5252879a066e92dd14.woff @ https://www.incidentiq.com/products/instructional-materials-management-software:0
[   32871ms] [WARNING] OTS parsing error: invalid sfntVersion: 1702391919 @ https://www.incidentiq.com/products/instructional-materials-management-software:0
[   32871ms] [WARNING] Failed to decode downloaded font: https://www.incidentiq.com/wp-content/themes/incidentiq/build/9411e35d05f1c344538c.woff @ https://www.incidentiq.com/products/instructional-materials-management-software:0
[   32871ms] [WARNING] OTS parsing error: invalid sfntVersion: 1702391919 @ https://www.incidentiq.com/products/instructional-materials-management-software:0
[   33284ms] [WARNING] Failed to decode downloaded font: https://www.incidentiq.com/wp-content/themes/incidentiq/build/c3116a8e61fdc1ec04be.woff @ https://cdn-cookieyes.com/client_data/26bc3e7f31fafca733bf2a02/banner.js:0
[   33284ms] [WARNING] OTS parsing error: invalid sfntVersion: 1702391919 @ https://cdn-cookieyes.com/client_data/26bc3e7f31fafca733bf2a02/banner.js:0
[   33284ms] [WARNING] Failed to decode downloaded font: https://www.incidentiq.com/wp-content/themes/incidentiq/build/8a5252879a066e92dd14.woff @ https://cdn-cookieyes.com/client_data/26bc3e7f31fafca733bf2a02/banner.js:0
[   33284ms] [WARNING] OTS parsing error: invalid sfntVersion: 1702391919 @ https://cdn-cookieyes.com/client_data/26bc3e7f31fafca733bf2a02/banner.js:0
[   33284ms] [WARNING] Failed to decode downloaded font: https://www.incidentiq.com/wp-content/themes/incidentiq/build/9411e35d05f1c344538c.woff @ https://cdn-cookieyes.com/client_data/26bc3e7f31fafca733bf2a02/banner.js:0
[   33284ms] [WARNING] OTS parsing error: invalid sfntVersion: 1702391919 @ https://cdn-cookieyes.com/client_data/26bc3e7f31fafca733bf2a02/banner.js:0
[   33284ms] [WARNING] Failed to decode downloaded font: https://www.incidentiq.com/wp-content/themes/incidentiq/build/c3116a8e61fdc1ec04be.woff @ https://cdn-cookieyes.com/client_data/26bc3e7f31fafca733bf2a02/banner.js:0
[   33284ms] [WARNING] OTS parsing error: invalid sfntVersion: 1702391919 @ https://cdn-cookieyes.com/client_data/26bc3e7f31fafca733bf2a02/banner.js:0
[   33284ms] [WARNING] Failed to decode downloaded font: https://www.incidentiq.com/wp-content/themes/incidentiq/build/8a5252879a066e92dd14.woff @ https://cdn-cookieyes.com/client_data/26bc3e7f31fafca733bf2a02/banner.js:0
[   33284ms] [WARNING] OTS parsing error: invalid sfntVersion: 1702391919 @ https://cdn-cookieyes.com/client_data/26bc3e7f31fafca733bf2a02/banner.js:0
[   33285ms] [WARNING] Failed to decode downloaded font: https://www.incidentiq.com/wp-content/themes/incidentiq/build/9411e35d05f1c344538c.woff @ https://cdn-cookieyes.com/client_data/26bc3e7f31fafca733bf2a02/banner.js:0
[   33285ms] [WARNING] OTS parsing error: invalid sfntVersion: 1702391919 @ https://cdn-cookieyes.com/client_data/26bc3e7f31fafca733bf2a02/banner.js:0
[   33303ms] [ERROR] Failed to load resource: net::ERR_NAME_NOT_RESOLVED @ https://tags.srv.stackadapt.com/events.js:0
[   33333ms] [ERROR] Failed to load resource: net::ERR_NAME_NOT_RESOLVED @ https://secure.adnxs.com/getuidj:0
[   33333ms] [WARNING] Failed to decode downloaded font: https://www.incidentiq.com/wp-content/themes/incidentiq/build/c3116a8e61fdc1ec04be.woff @ https://www.redditstatic.com/ads/pixel.js:0
[   33333ms] [WARNING] OTS parsing error: invalid sfntVersion: 1702391919 @ https://www.redditstatic.com/ads/pixel.js:0
[   33333ms] [WARNING] Failed to decode downloaded font: https://www.incidentiq.com/wp-content/themes/incidentiq/build/8a5252879a066e92dd14.woff @ https://www.redditstatic.com/ads/pixel.js:0
[   33333ms] [WARNING] OTS parsing error: invalid sfntVersion: 1702391919 @ https://www.redditstatic.com/ads/pixel.js:0
[   33333ms] [WARNING] Failed to decode downloaded font: https://www.incidentiq.com/wp-content/themes/incidentiq/build/9411e35d05f1c344538c.woff @ https://www.redditstatic.com/ads/pixel.js:0
[   33333ms] [WARNING] OTS parsing error: invalid sfntVersion: 1702391919 @ https://www.redditstatic.com/ads/pixel.js:0
[   33333ms] [WARNING] Failed to decode downloaded font: https://www.incidentiq.com/wp-content/themes/incidentiq/build/c3116a8e61fdc1ec04be.woff @ https://www.redditstatic.com/ads/pixel.js:0
[   33333ms] [WARNING] OTS parsing error: invalid sfntVersion: 1702391919 @ https://www.redditstatic.com/ads/pixel.js:0
[   33333ms] [WARNING] Failed to decode downloaded font: https://www.incidentiq.com/wp-content/themes/incidentiq/build/8a5252879a066e92dd14.woff @ https://www.redditstatic.com/ads/pixel.js:0
[   33333ms] [WARNING] OTS parsing error: invalid sfntVersion: 1702391919 @ https://www.redditstatic.com/ads/pixel.js:0
[   33333ms] [WARNING] Failed to decode downloaded font: https://www.incidentiq.com/wp-content/themes/incidentiq/build/9411e35d05f1c344538c.woff @ https://www.redditstatic.com/ads/pixel.js:0
[   33333ms] [WARNING] OTS parsing error: invalid sfntVersion: 1702391919 @ https://www.redditstatic.com/ads/pixel.js:0
[   33335ms] [LOG] %c6sense JS 
        font-weight: bold;
        border-radius: 3px;
        background-color: #ff583d;
        color: #192232;
        padding: 1px 2px;
         Error loading pending commands: Found a _6si object on the window, but it was not an array. @ https://j.6sc.co/6si.min.js:0
[   33378ms] [ERROR] Failed to load resource: net::ERR_NAME_NOT_RESOLVED @ https://792-ttg-698.mktoresp.com/webevents/visitWebPage?_mchNc=1776007610018&_mchCn=&_mchId=792-TTG-698&_mchTk=_mch-incidentiq.com-b8e82461b0dd92cd9eb76a81bb25e90a&_mchHo=www.incidentiq.com&_mchPo=&_mchRu=%2Fproducts%2Finstructional-materials-management-software&_mchPc=https%3A&_mchVr=165&_mchEcid=&_mchHa=&_mchRe=https%3A%2F%2Fwww.incidentiq.com%2Fproducts%2Fschool-facilities-management-software&_mchQp=:0
[   33485ms] [ERROR] Failed to load resource: net::ERR_NAME_NOT_RESOLVED @ https://epsilon.6sense.com/v3/company/details:0
[   33505ms] [ERROR] Failed to load resource: net::ERR_NAME_NOT_RESOLVED @ https://stags.bluekai.com/site/24365?limit=1&phint=activation%3Da_incident-iq_us_kpi-target_incident-iq:0
[   33623ms] [ERROR] Failed to load resource: net::ERR_NAME_NOT_RESOLVED @ https://cm.g.doubleclick.net/pixel?google_nid=TheTradeDesk&google_cm&google_sc&google_hm=YWJkYjUzYTQtMWJmNy00NTMwLWJlNTEtOTgzODYzYjk0MTNk&gdpr=0&gdpr_consent=&ttd_tdid=abdb53a4-1bf7-4530-be51-983863b9413d:0
[   33764ms] [WARNING] Failed to decode downloaded font: https://www.incidentiq.com/wp-content/themes/incidentiq/build/c3116a8e61fdc1ec04be.woff @ https://www.incidentiq.com/products/instructional-materials-management-software:0
[   33764ms] [WARNING] OTS parsing error: invalid sfntVersion: 1702391919 @ https://www.incidentiq.com/products/instructional-materials-management-software:0
[   33764ms] [WARNING] Failed to decode downloaded font: https://www.incidentiq.com/wp-content/themes/incidentiq/build/8a5252879a066e92dd14.woff @ https://www.incidentiq.com/products/instructional-materials-management-software:0
[   33764ms] [WARNING] OTS parsing error: invalid sfntVersion: 1702391919 @ https://www.incidentiq.com/products/instructional-materials-management-software:0
[   33764ms] [WARNING] Failed to decode downloaded font: https://www.incidentiq.com/wp-content/themes/incidentiq/build/9411e35d05f1c344538c.woff @ https://www.incidentiq.com/products/instructional-materials-management-software:0
[   33764ms] [WARNING] OTS parsing error: invalid sfntVersion: 1702391919 @ https://www.incidentiq.com/products/instructional-materials-management-software:0
[   33764ms] [WARNING] Failed to decode downloaded font: https://www.incidentiq.com/wp-content/themes/incidentiq/build/c3116a8e61fdc1ec04be.woff @ https://www.incidentiq.com/products/instructional-materials-management-software:0
[   33765ms] [WARNING] OTS parsing error: invalid sfntVersion: 1702391919 @ https://www.incidentiq.com/products/instructional-materials-management-software:0
[   33765ms] [WARNING] Failed to decode downloaded font: https://www.incidentiq.com/wp-content/themes/incidentiq/build/8a5252879a066e92dd14.woff @ https://www.incidentiq.com/products/instructional-materials-management-software:0
[   33765ms] [WARNING] OTS parsing error: invalid sfntVersion: 1702391919 @ https://www.incidentiq.com/products/instructional-materials-management-software:0
[   33765ms] [WARNING] Failed to decode downloaded font: https://www.incidentiq.com/wp-content/themes/incidentiq/build/9411e35d05f1c344538c.woff @ https://www.incidentiq.com/products/instructional-materials-management-software:0
[   33765ms] [WARNING] OTS parsing error: invalid sfntVersion: 1702391919 @ https://www.incidentiq.com/products/instructional-materials-management-software:0
[   33879ms] [ERROR] Failed to load resource: the server responded with a status of 403 () @ https://www.incidentiq.com/wp-admin/admin-ajax.php:0
[   33880ms] TypeError: Cannot read properties of undefined (reading 'lcp')
    at T.init (https://www.incidentiq.com/wp-content/plugins/wp-rocket/assets/js/wpr-beacon.min.js:2:11286)
[   34141ms] [ERROR] Failed to load resource: net::ERR_SSL_VERSION_OR_CIPHER_MISMATCH @ https://www2.incidentiq.com/dcjs/795003/633/dc.js:0
[   40960ms] [ERROR] Failed to load resource: net::ERR_NAME_NOT_RESOLVED @ https://792-ttg-698.mktoresp.com/webevents/clickLink?_mchNc=1776007617594&_mchHr=https%3A%2F%2Fwww.incidentiq.com%2Fproducts%2Fschool-event-management-software&_mchId=792-TTG-698&_mchTk=_mch-incidentiq.com-b8e82461b0dd92cd9eb76a81bb25e90a&_mchCn=&_mchHo=www.incidentiq.com&_mchPo=&_mchRu=%2Fproducts%2Finstructional-materials-management-software&_mchPc=https%3A&_mchVr=165&_mchEcid=&:0
[   41019ms] [ERROR] Failed to load resource: net::ERR_NAME_NOT_RESOLVED @ https://www.googleadservices.com/pagead/conversion/791122909/?random=1776007617649&cv=11&fst=1776007617649&bg=ffffff&guid=ON&async=1&en=conversion&gtm=45be6490h2v9166792355z879782257za20gzb79782257zd79782257xea&gcs=G111&gcd=13v3v3v3v5l1&dma=0&tag_exp=0~115616986~115938466~115938469&u_w=2560&u_h=1440&url=https%3A%2F%2Fwww.incidentiq.com%2Fproducts%2Fschool-event-management-software&ref=https%3A%2F%2Fwww.incidentiq.com%2Fproducts%2Finstructional-materials-management-software&rcb=19&label=OPkuCMDd3fgDEN2nnvkC&capi=1&frm=0&tiba=School%20Event%20Management%20Software%20for%20K-12%20%7C%20Incident%20IQ&did=dY2Q2ZW&gdid=dY2Q2ZW&bttype=purchase&value=0&hn=www.googleadservices.com&npa=0&pscdl=noapi&auid=1148148271.1776007585&uaa=arm&uab=64&uafvl=Google%2520Chrome%3B147.0.7727.56%7CNot.A%252FBrand%3B8.0.0.0%7CChromium%3B147.0.7727.56&uamb=0&uam=&uap=macOS&uapv=26.3.1&uaw=0&ec_mode=a&_tu=CA&gcl_ctr=4~0~0~0&data=ads_data_redaction%3Dfalse&category=acrcp_v1_512&em=tv.1&fmt=7:0
[   41021ms] [ERROR] Failed to load resource: net::ERR_NAME_NOT_RESOLVED @ https://www.googleadservices.com/pagead/conversion/791122909/?random=1776007617651&cv=11&fst=1776007617651&bg=ffffff&guid=ON&async=1&en=conversion&gtm=45be6490h2v9166792355z879782257za20gzb79782257zd79782257xea&gcs=G111&gcd=13v3v3v3v5l1&dma=0&tag_exp=0~115616986~115938466~115938469&u_w=2560&u_h=1440&url=https%3A%2F%2Fwww.incidentiq.com%2Fproducts%2Fschool-event-management-software&ref=https%3A%2F%2Fwww.incidentiq.com%2Fproducts%2Finstructional-materials-management-software&rcb=19&label=J8rBCJum8bkZEN2nnvkC&capi=1&frm=0&tiba=School%20Event%20Management%20Software%20for%20K-12%20%7C%20Incident%20IQ&did=dY2Q2ZW&gdid=dY2Q2ZW&bttype=purchase&value=0&hn=www.googleadservices.com&npa=0&pscdl=noapi&auid=1148148271.1776007585&uaa=arm&uab=64&uafvl=Google%2520Chrome%3B147.0.7727.56%7CNot.A%252FBrand%3B8.0.0.0%7CChromium%3B147.0.7727.56&uamb=0&uam=&uap=macOS&uapv=26.3.1&uaw=0&ec_mode=a&_tu=CA&gcl_ctr=5~0~0~0&data=ads_data_redaction%3Dfalse&category=acrcp_v1_512&em=tv.1&fmt=7:0
[   41055ms] [LOG] JQMIGRATE: Migrate is installed, version 3.4.1 @ https://www.incidentiq.com/wp-includes/js/jquery/jquery-migrate.min.js?ver=3.4.1:1
[   41055ms] ReferenceError: gaconnector2 is not defined
    at https://www.incidentiq.com/products/school-event-management-software:127:32
[   41059ms] [WARNING] Failed to decode downloaded font: https://www.incidentiq.com/wp-content/themes/incidentiq/build/c3116a8e61fdc1ec04be.woff @ https://www.incidentiq.com/products/school-event-management-software:0
[   41059ms] [WARNING] OTS parsing error: invalid sfntVersion: 1702391919 @ https://www.incidentiq.com/products/school-event-management-software:0
[   41059ms] [WARNING] Failed to decode downloaded font: https://www.incidentiq.com/wp-content/themes/incidentiq/build/8a5252879a066e92dd14.woff @ https://www.incidentiq.com/products/school-event-management-software:0
[   41059ms] [WARNING] OTS parsing error: invalid sfntVersion: 1702391919 @ https://www.incidentiq.com/products/school-event-management-software:0
[   41059ms] [WARNING] Failed to decode downloaded font: https://www.incidentiq.com/wp-content/themes/incidentiq/build/9411e35d05f1c344538c.woff @ https://www.incidentiq.com/products/school-event-management-software:0
[   41059ms] [WARNING] OTS parsing error: invalid sfntVersion: 1702391919 @ https://www.incidentiq.com/products/school-event-management-software:0
[   41059ms] [WARNING] Failed to decode downloaded font: https://www.incidentiq.com/wp-content/themes/incidentiq/build/c3116a8e61fdc1ec04be.woff @ https://www.incidentiq.com/products/school-event-management-software:0
[   41060ms] [WARNING] OTS parsing error: invalid sfntVersion: 1702391919 @ https://www.incidentiq.com/products/school-event-management-software:0
[   41060ms] [WARNING] Failed to decode downloaded font: https://www.incidentiq.com/wp-content/themes/incidentiq/build/8a5252879a066e92dd14.woff @ https://www.incidentiq.com/products/school-event-management-software:0
[   41060ms] [WARNING] OTS parsing error: invalid sfntVersion: 1702391919 @ https://www.incidentiq.com/products/school-event-management-software:0
[   41060ms] [WARNING] Failed to decode downloaded font: https://www.incidentiq.com/wp-content/themes/incidentiq/build/9411e35d05f1c344538c.woff @ https://www.incidentiq.com/products/school-event-management-software:0
[   41060ms] [WARNING] OTS parsing error: invalid sfntVersion: 1702391919 @ https://www.incidentiq.com/products/school-event-management-software:0
[   41067ms] [WARNING] E-v1.js is not being hosted from a "fast.wistia" host. Self-hosting, making static copies of this script, or including this script in an optimizer may cause embeds to stop functioning. Check Wistia's Help Center for more information. @ https://www.incidentiq.com/wp-content/cache/min/1/assets/external/E-v1.js?ver=1775826799:0
[   41067ms] [WARNING] E-v1.js is not being hosted from a "fast.wistia" host. Self-hosting, making static copies of this script, or including this script in an optimizer may cause embeds to stop functioning. Check Wistia's Help Center for more information. @ https://www.incidentiq.com/wp-content/cache/min/1/assets/external/E-v1.js?ver=1775826799:0
[   41070ms] [WARNING] E-v1.js is not being hosted from a "fast.wistia" host. Self-hosting, making static copies of this script, or including this script in an optimizer may cause embeds to stop functioning. Check Wistia's Help Center for more information. @ https://www.incidentiq.com/wp-content/cache/min/1/assets/external/E-v1.js?ver=1775826799:0
[   41070ms] [WARNING] E-v1.js is not being hosted from a "fast.wistia" host. Self-hosting, making static copies of this script, or including this script in an optimizer may cause embeds to stop functioning. Check Wistia's Help Center for more information. @ https://www.incidentiq.com/wp-content/cache/min/1/assets/external/E-v1.js?ver=1775826799:0
[   41082ms] [ERROR] Failed to load resource: net::ERR_NAME_NOT_RESOLVED @ https://googleads.g.doubleclick.net/pagead/viewthroughconversion/791122909/?random=1776007617642&cv=11&fst=1776007617642&bg=ffffff&guid=ON&async=1&en=gtag.config&gtm=45be6490h2v9166792355z879782257za20gzb79782257zd79782257xec&gcd=13v3v3v3v5l1&dma=0&tag_exp=0~115616986~115938466~115938469&u_w=2560&u_h=1440&url=https%3A%2F%2Fwww.incidentiq.com%2Fproducts%2Fschool-event-management-software&ref=https%3A%2F%2Fwww.incidentiq.com%2Fproducts%2Finstructional-materials-management-software&rcb=19&frm=0&tiba=School%20Event%20Management%20Software%20for%20K-12%20%7C%20Incident%20IQ&did=dY2Q2ZW&gdid=dY2Q2ZW&hn=www.googleadservices.com&npa=0&pscdl=noapi&auid=1148148271.1776007585&uaa=arm&uab=64&uafvl=Google%2520Chrome%3B147.0.7727.56%7CNot.A%252FBrand%3B8.0.0.0%7CChromium%3B147.0.7727.56&uamb=0&uam=&uap=macOS&uapv=26.3.1&uaw=0&_tu=CA&data=event%3Dgtag.config&rfmt=3&fmt=4:0
[   41082ms] [ERROR] Failed to load resource: net::ERR_NAME_NOT_RESOLVED @ https://googleads.g.doubleclick.net/pagead/viewthroughconversion/791122909/?random=1776007617648&cv=11&fst=1776007617648&bg=ffffff&guid=ON&async=1&gtm=45be6490h2v9166792355z879782257za20gzb79782257zd79782257xea&gcd=13v3v3v3v5l1&dma=0&tag_exp=0~115616986~115938466~115938469&u_w=2560&u_h=1440&url=https%3A%2F%2Fwww.incidentiq.com%2Fproducts%2Fschool-event-management-software&ref=https%3A%2F%2Fwww.incidentiq.com%2Fproducts%2Finstructional-materials-management-software&rcb=19&frm=0&tiba=School%20Event%20Management%20Software%20for%20K-12%20%7C%20Incident%20IQ&did=dY2Q2ZW&gdid=dY2Q2ZW&hn=www.googleadservices.com&npa=0&pscdl=noapi&auid=1148148271.1776007585&uaa=arm&uab=64&uafvl=Google%2520Chrome%3B147.0.7727.56%7CNot.A%252FBrand%3B8.0.0.0%7CChromium%3B147.0.7727.56&uamb=0&uam=&uap=macOS&uapv=26.3.1&uaw=0&_tu=CA&data=ads_data_redaction%3Dfalse&rfmt=3&fmt=4:0
[   41084ms] [WARNING] Failed to decode downloaded font: https://www.incidentiq.com/wp-content/themes/incidentiq/build/c3116a8e61fdc1ec04be.woff @ https://www.incidentiq.com/products/school-event-management-software:0
[   41084ms] [WARNING] OTS parsing error: invalid sfntVersion: 1702391919 @ https://www.incidentiq.com/products/school-event-management-software:0
[   41084ms] [WARNING] Failed to decode downloaded font: https://www.incidentiq.com/wp-content/themes/incidentiq/build/8a5252879a066e92dd14.woff @ https://www.incidentiq.com/products/school-event-management-software:0
[   41084ms] [WARNING] OTS parsing error: invalid sfntVersion: 1702391919 @ https://www.incidentiq.com/products/school-event-management-software:0
[   41084ms] [WARNING] Failed to decode downloaded font: https://www.incidentiq.com/wp-content/themes/incidentiq/build/9411e35d05f1c344538c.woff @ https://www.incidentiq.com/products/school-event-management-software:0
[   41084ms] [WARNING] OTS parsing error: invalid sfntVersion: 1702391919 @ https://www.incidentiq.com/products/school-event-management-software:0
[   41084ms] [WARNING] Failed to decode downloaded font: https://www.incidentiq.com/wp-content/themes/incidentiq/build/c3116a8e61fdc1ec04be.woff @ https://www.incidentiq.com/products/school-event-management-software:0
[   41084ms] [WARNING] OTS parsing error: invalid sfntVersion: 1702391919 @ https://www.incidentiq.com/products/school-event-management-software:0
[   41084ms] [WARNING] Failed to decode downloaded font: https://www.incidentiq.com/wp-content/themes/incidentiq/build/8a5252879a066e92dd14.woff @ https://www.incidentiq.com/products/school-event-management-software:0
[   41084ms] [WARNING] OTS parsing error: invalid sfntVersion: 1702391919 @ https://www.incidentiq.com/products/school-event-management-software:0
[   41084ms] [WARNING] Failed to decode downloaded font: https://www.incidentiq.com/wp-content/themes/incidentiq/build/9411e35d05f1c344538c.woff @ https://www.incidentiq.com/products/school-event-management-software:0
[   41084ms] [WARNING] OTS parsing error: invalid sfntVersion: 1702391919 @ https://www.incidentiq.com/products/school-event-management-software:0
[   41097ms] [WARNING] Failed to decode downloaded font: https://www.incidentiq.com/wp-content/themes/incidentiq/build/c3116a8e61fdc1ec04be.woff @ https://www.incidentiq.com/products/school-event-management-software:0
[   41097ms] [WARNING] OTS parsing error: invalid sfntVersion: 1702391919 @ https://www.incidentiq.com/products/school-event-management-software:0
[   41097ms] [WARNING] Failed to decode downloaded font: https://www.incidentiq.com/wp-content/themes/incidentiq/build/8a5252879a066e92dd14.woff @ https://www.incidentiq.com/products/school-event-management-software:0
[   41097ms] [WARNING] OTS parsing error: invalid sfntVersion: 1702391919 @ https://www.incidentiq.com/products/school-event-management-software:0
[   41097ms] [WARNING] Failed to decode downloaded font: https://www.incidentiq.com/wp-content/themes/incidentiq/build/9411e35d05f1c344538c.woff @ https://www.incidentiq.com/products/school-event-management-software:0
[   41097ms] [WARNING] OTS parsing error: invalid sfntVersion: 1702391919 @ https://www.incidentiq.com/products/school-event-management-software:0
[   41097ms] [WARNING] Failed to decode downloaded font: https://www.incidentiq.com/wp-content/themes/incidentiq/build/c3116a8e61fdc1ec04be.woff @ https://www.incidentiq.com/products/school-event-management-software:0
[   41097ms] [WARNING] OTS parsing error: invalid sfntVersion: 1702391919 @ https://www.incidentiq.com/products/school-event-management-software:0
[   41097ms] [WARNING] Failed to decode downloaded font: https://www.incidentiq.com/wp-content/themes/incidentiq/build/8a5252879a066e92dd14.woff @ https://www.incidentiq.com/products/school-event-management-software:0
[   41097ms] [WARNING] OTS parsing error: invalid sfntVersion: 1702391919 @ https://www.incidentiq.com/products/school-event-management-software:0
[   41097ms] [WARNING] Failed to decode downloaded font: https://www.incidentiq.com/wp-content/themes/incidentiq/build/9411e35d05f1c344538c.woff @ https://www.incidentiq.com/products/school-event-management-software:0
[   41097ms] [WARNING] OTS parsing error: invalid sfntVersion: 1702391919 @ https://www.incidentiq.com/products/school-event-management-software:0
[   41118ms] [WARNING] Failed to decode downloaded font: https://www.incidentiq.com/wp-content/themes/incidentiq/build/c3116a8e61fdc1ec04be.woff @ https://kit-pro.fontawesome.com/releases/latest/js/pro.min.js:0
[   41118ms] [WARNING] OTS parsing error: invalid sfntVersion: 1702391919 @ https://kit-pro.fontawesome.com/releases/latest/js/pro.min.js:0
[   41118ms] [WARNING] Failed to decode downloaded font: https://www.incidentiq.com/wp-content/themes/incidentiq/build/8a5252879a066e92dd14.woff @ https://kit-pro.fontawesome.com/releases/latest/js/pro.min.js:0
[   41118ms] [WARNING] OTS parsing error: invalid sfntVersion: 1702391919 @ https://kit-pro.fontawesome.com/releases/latest/js/pro.min.js:0
[   41119ms] [WARNING] Failed to decode downloaded font: https://www.incidentiq.com/wp-content/themes/incidentiq/build/9411e35d05f1c344538c.woff @ https://kit-pro.fontawesome.com/releases/latest/js/pro.min.js:0
[   41119ms] [WARNING] OTS parsing error: invalid sfntVersion: 1702391919 @ https://kit-pro.fontawesome.com/releases/latest/js/pro.min.js:0
[   41119ms] [WARNING] Failed to decode downloaded font: https://www.incidentiq.com/wp-content/themes/incidentiq/build/c3116a8e61fdc1ec04be.woff @ https://kit-pro.fontawesome.com/releases/latest/js/pro.min.js:0
[   41119ms] [WARNING] OTS parsing error: invalid sfntVersion: 1702391919 @ https://kit-pro.fontawesome.com/releases/latest/js/pro.min.js:0
[   41119ms] [WARNING] Failed to decode downloaded font: https://www.incidentiq.com/wp-content/themes/incidentiq/build/8a5252879a066e92dd14.woff @ https://kit-pro.fontawesome.com/releases/latest/js/pro.min.js:0
[   41119ms] [WARNING] OTS parsing error: invalid sfntVersion: 1702391919 @ https://kit-pro.fontawesome.com/releases/latest/js/pro.min.js:0
[   41119ms] [WARNING] Failed to decode downloaded font: https://www.incidentiq.com/wp-content/themes/incidentiq/build/9411e35d05f1c344538c.woff @ https://kit-pro.fontawesome.com/releases/latest/js/pro.min.js:0
[   41119ms] [WARNING] OTS parsing error: invalid sfntVersion: 1702391919 @ https://kit-pro.fontawesome.com/releases/latest/js/pro.min.js:0
[   41132ms] [ERROR] Failed to load resource: net::ERR_NAME_NOT_RESOLVED @ https://googleads.g.doubleclick.net/pagead/viewthroughconversion/791122909/?random=1776007617642&cv=11&fst=1776007617642&fmt=3&bg=ffffff&guid=ON&async=1&en=gtag.config&gtm=45be6490h2v9166792355z879782257za20gzb79782257zd79782257xec&gcd=13v3v3v3v5l1&dma=0&tag_exp=0~115616986~115938466~115938469&u_w=2560&u_h=1440&url=https%3A%2F%2Fwww.incidentiq.com%2Fproducts%2Fschool-event-management-software&ref=https%3A%2F%2Fwww.incidentiq.com%2Fproducts%2Finstructional-materials-management-software&rcb=19&frm=0&tiba=School%20Event%20Management%20Software%20for%20K-12%20%7C%20Incident%20IQ&did=dY2Q2ZW&gdid=dY2Q2ZW&hn=www.googleadservices.com&npa=0&pscdl=noapi&auid=1148148271.1776007585&uaa=arm&uab=64&uafvl=Google%2520Chrome%3B147.0.7727.56%7CNot.A%252FBrand%3B8.0.0.0%7CChromium%3B147.0.7727.56&uamb=0&uam=&uap=macOS&uapv=26.3.1&uaw=0&_tu=CA&data=event%3Dgtag.config:0
[   41132ms] [ERROR] Failed to load resource: net::ERR_NAME_NOT_RESOLVED @ https://googleads.g.doubleclick.net/pagead/viewthroughconversion/791122909/?random=1776007617648&cv=11&fst=1776007617648&fmt=3&bg=ffffff&guid=ON&async=1&gtm=45be6490h2v9166792355z879782257za20gzb79782257zd79782257xea&gcd=13v3v3v3v5l1&dma=0&tag_exp=0~115616986~115938466~115938469&u_w=2560&u_h=1440&url=https%3A%2F%2Fwww.incidentiq.com%2Fproducts%2Fschool-event-management-software&ref=https%3A%2F%2Fwww.incidentiq.com%2Fproducts%2Finstructional-materials-management-software&rcb=19&frm=0&tiba=School%20Event%20Management%20Software%20for%20K-12%20%7C%20Incident%20IQ&did=dY2Q2ZW&gdid=dY2Q2ZW&hn=www.googleadservices.com&npa=0&pscdl=noapi&auid=1148148271.1776007585&uaa=arm&uab=64&uafvl=Google%2520Chrome%3B147.0.7727.56%7CNot.A%252FBrand%3B8.0.0.0%7CChromium%3B147.0.7727.56&uamb=0&uam=&uap=macOS&uapv=26.3.1&uaw=0&_tu=CA&data=ads_data_redaction%3Dfalse:0
[   41146ms] [WARNING] Failed to decode downloaded font: https://www.incidentiq.com/wp-content/themes/incidentiq/build/c3116a8e61fdc1ec04be.woff @ https://www.incidentiq.com/wp-content/cache/min/1/assets/external/E-v1.js?ver=1775826799:0
[   41146ms] [WARNING] OTS parsing error: invalid sfntVersion: 1702391919 @ https://www.incidentiq.com/wp-content/cache/min/1/assets/external/E-v1.js?ver=1775826799:0
[   41146ms] [WARNING] Failed to decode downloaded font: https://www.incidentiq.com/wp-content/themes/incidentiq/build/8a5252879a066e92dd14.woff @ https://www.incidentiq.com/wp-content/cache/min/1/assets/external/E-v1.js?ver=1775826799:0
[   41146ms] [WARNING] OTS parsing error: invalid sfntVersion: 1702391919 @ https://www.incidentiq.com/wp-content/cache/min/1/assets/external/E-v1.js?ver=1775826799:0
[   41146ms] [WARNING] Failed to decode downloaded font: https://www.incidentiq.com/wp-content/themes/incidentiq/build/9411e35d05f1c344538c.woff @ https://www.incidentiq.com/wp-content/cache/min/1/assets/external/E-v1.js?ver=1775826799:0
[   41146ms] [WARNING] OTS parsing error: invalid sfntVersion: 1702391919 @ https://www.incidentiq.com/wp-content/cache/min/1/assets/external/E-v1.js?ver=1775826799:0
[   41146ms] [WARNING] Failed to decode downloaded font: https://www.incidentiq.com/wp-content/themes/incidentiq/build/c3116a8e61fdc1ec04be.woff @ https://www.incidentiq.com/wp-content/cache/min/1/assets/external/E-v1.js?ver=1775826799:0
[   41146ms] [WARNING] OTS parsing error: invalid sfntVersion: 1702391919 @ https://www.incidentiq.com/wp-content/cache/min/1/assets/external/E-v1.js?ver=1775826799:0
[   41146ms] [WARNING] Failed to decode downloaded font: https://www.incidentiq.com/wp-content/themes/incidentiq/build/8a5252879a066e92dd14.woff @ https://www.incidentiq.com/wp-content/cache/min/1/assets/external/E-v1.js?ver=1775826799:0
[   41146ms] [WARNING] OTS parsing error: invalid sfntVersion: 1702391919 @ https://www.incidentiq.com/wp-content/cache/min/1/assets/external/E-v1.js?ver=1775826799:0
[   41146ms] [WARNING] Failed to decode downloaded font: https://www.incidentiq.com/wp-content/themes/incidentiq/build/9411e35d05f1c344538c.woff @ https://www.incidentiq.com/wp-content/cache/min/1/assets/external/E-v1.js?ver=1775826799:0
[   41146ms] [WARNING] OTS parsing error: invalid sfntVersion: 1702391919 @ https://www.incidentiq.com/wp-content/cache/min/1/assets/external/E-v1.js?ver=1775826799:0
[   41151ms] [WARNING] Failed to decode downloaded font: https://www.incidentiq.com/wp-content/themes/incidentiq/build/c3116a8e61fdc1ec04be.woff @ https://www.incidentiq.com/wp-content/cache/min/1/assets/external/E-v1.js?ver=1775826799:0
[   41151ms] [WARNING] OTS parsing error: invalid sfntVersion: 1702391919 @ https://www.incidentiq.com/wp-content/cache/min/1/assets/external/E-v1.js?ver=1775826799:0
[   41151ms] [WARNING] Failed to decode downloaded font: https://www.incidentiq.com/wp-content/themes/incidentiq/build/8a5252879a066e92dd14.woff @ https://www.incidentiq.com/wp-content/cache/min/1/assets/external/E-v1.js?ver=1775826799:0
[   41151ms] [WARNING] OTS parsing error: invalid sfntVersion: 1702391919 @ https://www.incidentiq.com/wp-content/cache/min/1/assets/external/E-v1.js?ver=1775826799:0
[   41151ms] [WARNING] Failed to decode downloaded font: https://www.incidentiq.com/wp-content/themes/incidentiq/build/9411e35d05f1c344538c.woff @ https://www.incidentiq.com/wp-content/cache/min/1/assets/external/E-v1.js?ver=1775826799:0
[   41151ms] [WARNING] OTS parsing error: invalid sfntVersion: 1702391919 @ https://www.incidentiq.com/wp-content/cache/min/1/assets/external/E-v1.js?ver=1775826799:0
[   41151ms] [WARNING] Failed to decode downloaded font: https://www.incidentiq.com/wp-content/themes/incidentiq/build/c3116a8e61fdc1ec04be.woff @ https://www.incidentiq.com/wp-content/cache/min/1/assets/external/E-v1.js?ver=1775826799:0
[   41151ms] [WARNING] OTS parsing error: invalid sfntVersion: 1702391919 @ https://www.incidentiq.com/wp-content/cache/min/1/assets/external/E-v1.js?ver=1775826799:0
[   41151ms] [WARNING] Failed to decode downloaded font: https://www.incidentiq.com/wp-content/themes/incidentiq/build/8a5252879a066e92dd14.woff @ https://www.incidentiq.com/wp-content/cache/min/1/assets/external/E-v1.js?ver=1775826799:0
[   41151ms] [WARNING] OTS parsing error: invalid sfntVersion: 1702391919 @ https://www.incidentiq.com/wp-content/cache/min/1/assets/external/E-v1.js?ver=1775826799:0
[   41151ms] [WARNING] Failed to decode downloaded font: https://www.incidentiq.com/wp-content/themes/incidentiq/build/9411e35d05f1c344538c.woff @ https://www.incidentiq.com/wp-content/cache/min/1/assets/external/E-v1.js?ver=1775826799:0
[   41151ms] [WARNING] OTS parsing error: invalid sfntVersion: 1702391919 @ https://www.incidentiq.com/wp-content/cache/min/1/assets/external/E-v1.js?ver=1775826799:0
[   41272ms] [WARNING] Failed to decode downloaded font: https://www.incidentiq.com/wp-content/themes/incidentiq/build/c3116a8e61fdc1ec04be.woff @ https://cdn-cookieyes.com/client_data/26bc3e7f31fafca733bf2a02/banner.js:0
[   41272ms] [WARNING] OTS parsing error: invalid sfntVersion: 1702391919 @ https://cdn-cookieyes.com/client_data/26bc3e7f31fafca733bf2a02/banner.js:0
[   41272ms] [WARNING] Failed to decode downloaded font: https://www.incidentiq.com/wp-content/themes/incidentiq/build/8a5252879a066e92dd14.woff @ https://cdn-cookieyes.com/client_data/26bc3e7f31fafca733bf2a02/banner.js:0
[   41272ms] [WARNING] OTS parsing error: invalid sfntVersion: 1702391919 @ https://cdn-cookieyes.com/client_data/26bc3e7f31fafca733bf2a02/banner.js:0
[   41272ms] [WARNING] Failed to decode downloaded font: https://www.incidentiq.com/wp-content/themes/incidentiq/build/9411e35d05f1c344538c.woff @ https://cdn-cookieyes.com/client_data/26bc3e7f31fafca733bf2a02/banner.js:0
[   41272ms] [WARNING] OTS parsing error: invalid sfntVersion: 1702391919 @ https://cdn-cookieyes.com/client_data/26bc3e7f31fafca733bf2a02/banner.js:0
[   41272ms] [WARNING] Failed to decode downloaded font: https://www.incidentiq.com/wp-content/themes/incidentiq/build/c3116a8e61fdc1ec04be.woff @ https://cdn-cookieyes.com/client_data/26bc3e7f31fafca733bf2a02/banner.js:0
[   41272ms] [WARNING] OTS parsing error: invalid sfntVersion: 1702391919 @ https://cdn-cookieyes.com/client_data/26bc3e7f31fafca733bf2a02/banner.js:0
[   41272ms] [WARNING] Failed to decode downloaded font: https://www.incidentiq.com/wp-content/themes/incidentiq/build/8a5252879a066e92dd14.woff @ https://cdn-cookieyes.com/client_data/26bc3e7f31fafca733bf2a02/banner.js:0
[   41272ms] [WARNING] OTS parsing error: invalid sfntVersion: 1702391919 @ https://cdn-cookieyes.com/client_data/26bc3e7f31fafca733bf2a02/banner.js:0
[   41272ms] [WARNING] Failed to decode downloaded font: https://www.incidentiq.com/wp-content/themes/incidentiq/build/9411e35d05f1c344538c.woff @ https://cdn-cookieyes.com/client_data/26bc3e7f31fafca733bf2a02/banner.js:0
[   41272ms] [WARNING] OTS parsing error: invalid sfntVersion: 1702391919 @ https://cdn-cookieyes.com/client_data/26bc3e7f31fafca733bf2a02/banner.js:0
[   41287ms] [ERROR] Failed to load resource: net::ERR_NAME_NOT_RESOLVED @ https://tags.srv.stackadapt.com/events.js:0
[   41299ms] [WARNING] Failed to decode downloaded font: https://www.incidentiq.com/wp-content/themes/incidentiq/build/c3116a8e61fdc1ec04be.woff @ https://www.redditstatic.com/ads/pixel.js:0
[   41299ms] [WARNING] OTS parsing error: invalid sfntVersion: 1702391919 @ https://www.redditstatic.com/ads/pixel.js:0
[   41299ms] [WARNING] Failed to decode downloaded font: https://www.incidentiq.com/wp-content/themes/incidentiq/build/8a5252879a066e92dd14.woff @ https://www.redditstatic.com/ads/pixel.js:0
[   41299ms] [WARNING] OTS parsing error: invalid sfntVersion: 1702391919 @ https://www.redditstatic.com/ads/pixel.js:0
[   41299ms] [WARNING] Failed to decode downloaded font: https://www.incidentiq.com/wp-content/themes/incidentiq/build/9411e35d05f1c344538c.woff @ https://www.redditstatic.com/ads/pixel.js:0
[   41299ms] [WARNING] OTS parsing error: invalid sfntVersion: 1702391919 @ https://www.redditstatic.com/ads/pixel.js:0
[   41299ms] [WARNING] Failed to decode downloaded font: https://www.incidentiq.com/wp-content/themes/incidentiq/build/c3116a8e61fdc1ec04be.woff @ https://www.redditstatic.com/ads/pixel.js:0
[   41299ms] [WARNING] OTS parsing error: invalid sfntVersion: 1702391919 @ https://www.redditstatic.com/ads/pixel.js:0
[   41299ms] [WARNING] Failed to decode downloaded font: https://www.incidentiq.com/wp-content/themes/incidentiq/build/8a5252879a066e92dd14.woff @ https://www.redditstatic.com/ads/pixel.js:0
[   41299ms] [WARNING] OTS parsing error: invalid sfntVersion: 1702391919 @ https://www.redditstatic.com/ads/pixel.js:0
[   41299ms] [WARNING] Failed to decode downloaded font: https://www.incidentiq.com/wp-content/themes/incidentiq/build/9411e35d05f1c344538c.woff @ https://www.redditstatic.com/ads/pixel.js:0
[   41299ms] [WARNING] OTS parsing error: invalid sfntVersion: 1702391919 @ https://www.redditstatic.com/ads/pixel.js:0
[   41301ms] [ERROR] Failed to load resource: net::ERR_NAME_NOT_RESOLVED @ https://secure.adnxs.com/getuidj:0
[   41312ms] [LOG] %c6sense JS 
        font-weight: bold;
        border-radius: 3px;
        background-color: #ff583d;
        color: #192232;
        padding: 1px 2px;
         Error loading pending commands: Found a _6si object on the window, but it was not an array. @ https://j.6sc.co/6si.min.js:0
[   41358ms] [ERROR] Failed to load resource: net::ERR_NAME_NOT_RESOLVED @ https://792-ttg-698.mktoresp.com/webevents/visitWebPage?_mchNc=1776007617997&_mchCn=&_mchId=792-TTG-698&_mchTk=_mch-incidentiq.com-b8e82461b0dd92cd9eb76a81bb25e90a&_mchHo=www.incidentiq.com&_mchPo=&_mchRu=%2Fproducts%2Fschool-event-management-software&_mchPc=https%3A&_mchVr=165&_mchEcid=&_mchHa=&_mchRe=https%3A%2F%2Fwww.incidentiq.com%2Fproducts%2Finstructional-materials-management-software&_mchQp=:0
[   41452ms] [ERROR] Failed to load resource: net::ERR_NAME_NOT_RESOLVED @ https://epsilon.6sense.com/v3/company/details:0
[   41492ms] [ERROR] Failed to load resource: net::ERR_NAME_NOT_RESOLVED @ https://stags.bluekai.com/site/24365?limit=1&phint=activation%3Da_incident-iq_us_kpi-target_incident-iq:0
[   41704ms] [WARNING] Failed to decode downloaded font: https://www.incidentiq.com/wp-content/themes/incidentiq/build/c3116a8e61fdc1ec04be.woff @ https://www.incidentiq.com/products/school-event-management-software:0
[   41704ms] [WARNING] OTS parsing error: invalid sfntVersion: 1702391919 @ https://www.incidentiq.com/products/school-event-management-software:0
[   41704ms] [WARNING] Failed to decode downloaded font: https://www.incidentiq.com/wp-content/themes/incidentiq/build/8a5252879a066e92dd14.woff @ https://www.incidentiq.com/products/school-event-management-software:0
[   41704ms] [WARNING] OTS parsing error: invalid sfntVersion: 1702391919 @ https://www.incidentiq.com/products/school-event-management-software:0
[   41704ms] [WARNING] Failed to decode downloaded font: https://www.incidentiq.com/wp-content/themes/incidentiq/build/9411e35d05f1c344538c.woff @ https://www.incidentiq.com/products/school-event-management-software:0
[   41704ms] [WARNING] OTS parsing error: invalid sfntVersion: 1702391919 @ https://www.incidentiq.com/products/school-event-management-software:0
[   41704ms] [WARNING] Failed to decode downloaded font: https://www.incidentiq.com/wp-content/themes/incidentiq/build/c3116a8e61fdc1ec04be.woff @ https://www.incidentiq.com/products/school-event-management-software:0
[   41704ms] [WARNING] OTS parsing error: invalid sfntVersion: 1702391919 @ https://www.incidentiq.com/products/school-event-management-software:0
[   41704ms] [WARNING] Failed to decode downloaded font: https://www.incidentiq.com/wp-content/themes/incidentiq/build/8a5252879a066e92dd14.woff @ https://www.incidentiq.com/products/school-event-management-software:0
[   41704ms] [WARNING] OTS parsing error: invalid sfntVersion: 1702391919 @ https://www.incidentiq.com/products/school-event-management-software:0
[   41704ms] [WARNING] Failed to decode downloaded font: https://www.incidentiq.com/wp-content/themes/incidentiq/build/9411e35d05f1c344538c.woff @ https://www.incidentiq.com/products/school-event-management-software:0
[   41704ms] [WARNING] OTS parsing error: invalid sfntVersion: 1702391919 @ https://www.incidentiq.com/products/school-event-management-software:0
[   42025ms] [ERROR] Failed to load resource: net::ERR_SSL_VERSION_OR_CIPHER_MISMATCH @ https://www2.incidentiq.com/dcjs/795003/633/dc.js:0
[   47501ms] [ERROR] Failed to load resource: net::ERR_NAME_NOT_RESOLVED @ https://792-ttg-698.mktoresp.com/webevents/clickLink?_mchNc=1776007624137&_mchHr=https%3A%2F%2Fwww.incidentiq.com%2Fevents&_mchId=792-TTG-698&_mchTk=_mch-incidentiq.com-b8e82461b0dd92cd9eb76a81bb25e90a&_mchCn=&_mchHo=www.incidentiq.com&_mchPo=&_mchRu=%2Fproducts%2Fschool-event-management-software&_mchPc=https%3A&_mchVr=165&_mchEcid=&:0
[   47528ms] [LOG] JQMIGRATE: Migrate is installed, version 3.4.1 @ https://www.incidentiq.com/wp-includes/js/jquery/jquery-migrate.min.js?ver=3.4.1:1
[   47537ms] ReferenceError: gaconnector2 is not defined
    at https://www.incidentiq.com/events:110:32
[   47531ms] [WARNING] Failed to decode downloaded font: https://www.incidentiq.com/wp-content/themes/incidentiq/build/c3116a8e61fdc1ec04be.woff @ https://www.incidentiq.com/events:0
[   47531ms] [WARNING] OTS parsing error: invalid sfntVersion: 1702391919 @ https://www.incidentiq.com/events:0
[   47531ms] [WARNING] Failed to decode downloaded font: https://www.incidentiq.com/wp-content/themes/incidentiq/build/8a5252879a066e92dd14.woff @ https://www.incidentiq.com/events:0
[   47531ms] [WARNING] OTS parsing error: invalid sfntVersion: 1702391919 @ https://www.incidentiq.com/events:0
[   47531ms] [WARNING] Failed to decode downloaded font: https://www.incidentiq.com/wp-content/themes/incidentiq/build/9411e35d05f1c344538c.woff @ https://www.incidentiq.com/events:0
[   47531ms] [WARNING] OTS parsing error: invalid sfntVersion: 1702391919 @ https://www.incidentiq.com/events:0
[   47531ms] [WARNING] Failed to decode downloaded font: https://www.incidentiq.com/wp-content/themes/incidentiq/build/c3116a8e61fdc1ec04be.woff @ https://www.incidentiq.com/events:0
[   47531ms] [WARNING] OTS parsing error: invalid sfntVersion: 1702391919 @ https://www.incidentiq.com/events:0
[   47531ms] [WARNING] Failed to decode downloaded font: https://www.incidentiq.com/wp-content/themes/incidentiq/build/8a5252879a066e92dd14.woff @ https://www.incidentiq.com/events:0
[   47531ms] [WARNING] OTS parsing error: invalid sfntVersion: 1702391919 @ https://www.incidentiq.com/events:0
[   47531ms] [WARNING] Failed to decode downloaded font: https://www.incidentiq.com/wp-content/themes/incidentiq/build/9411e35d05f1c344538c.woff @ https://www.incidentiq.com/events:0
[   47531ms] [WARNING] OTS parsing error: invalid sfntVersion: 1702391919 @ https://www.incidentiq.com/events:0
[   47545ms] [WARNING] Failed to decode downloaded font: https://www.incidentiq.com/wp-content/themes/incidentiq/build/c3116a8e61fdc1ec04be.woff @ https://www.incidentiq.com/events:0
[   47545ms] [WARNING] OTS parsing error: invalid sfntVersion: 1702391919 @ https://www.incidentiq.com/events:0
[   47545ms] [WARNING] Failed to decode downloaded font: https://www.incidentiq.com/wp-content/themes/incidentiq/build/8a5252879a066e92dd14.woff @ https://www.incidentiq.com/events:0
[   47545ms] [WARNING] OTS parsing error: invalid sfntVersion: 1702391919 @ https://www.incidentiq.com/events:0
[   47545ms] [WARNING] Failed to decode downloaded font: https://www.incidentiq.com/wp-content/themes/incidentiq/build/9411e35d05f1c344538c.woff @ https://www.incidentiq.com/events:0
[   47545ms] [WARNING] OTS parsing error: invalid sfntVersion: 1702391919 @ https://www.incidentiq.com/events:0
[   47545ms] [WARNING] Failed to decode downloaded font: https://www.incidentiq.com/wp-content/themes/incidentiq/build/c3116a8e61fdc1ec04be.woff @ https://www.incidentiq.com/events:0
[   47545ms] [WARNING] OTS parsing error: invalid sfntVersion: 1702391919 @ https://www.incidentiq.com/events:0
[   47545ms] [WARNING] Failed to decode downloaded font: https://www.incidentiq.com/wp-content/themes/incidentiq/build/8a5252879a066e92dd14.woff @ https://www.incidentiq.com/events:0
[   47545ms] [WARNING] OTS parsing error: invalid sfntVersion: 1702391919 @ https://www.incidentiq.com/events:0
[   47545ms] [WARNING] Failed to decode downloaded font: https://www.incidentiq.com/wp-content/themes/incidentiq/build/9411e35d05f1c344538c.woff @ https://www.incidentiq.com/events:0
[   47545ms] [WARNING] OTS parsing error: invalid sfntVersion: 1702391919 @ https://www.incidentiq.com/events:0
[   47593ms] [WARNING] Failed to decode downloaded font: https://www.incidentiq.com/wp-content/themes/incidentiq/build/c3116a8e61fdc1ec04be.woff @ https://kit-pro.fontawesome.com/releases/latest/js/pro.min.js:0
[   47593ms] [WARNING] OTS parsing error: invalid sfntVersion: 1702391919 @ https://kit-pro.fontawesome.com/releases/latest/js/pro.min.js:0
[   47593ms] [WARNING] Failed to decode downloaded font: https://www.incidentiq.com/wp-content/themes/incidentiq/build/8a5252879a066e92dd14.woff @ https://kit-pro.fontawesome.com/releases/latest/js/pro.min.js:0
[   47593ms] [WARNING] OTS parsing error: invalid sfntVersion: 1702391919 @ https://kit-pro.fontawesome.com/releases/latest/js/pro.min.js:0
[   47593ms] [WARNING] Failed to decode downloaded font: https://www.incidentiq.com/wp-content/themes/incidentiq/build/9411e35d05f1c344538c.woff @ https://kit-pro.fontawesome.com/releases/latest/js/pro.min.js:0
[   47593ms] [WARNING] OTS parsing error: invalid sfntVersion: 1702391919 @ https://kit-pro.fontawesome.com/releases/latest/js/pro.min.js:0
[   47593ms] [WARNING] Failed to decode downloaded font: https://www.incidentiq.com/wp-content/themes/incidentiq/build/c3116a8e61fdc1ec04be.woff @ https://kit-pro.fontawesome.com/releases/latest/js/pro.min.js:0
[   47593ms] [WARNING] OTS parsing error: invalid sfntVersion: 1702391919 @ https://kit-pro.fontawesome.com/releases/latest/js/pro.min.js:0
[   47593ms] [WARNING] Failed to decode downloaded font: https://www.incidentiq.com/wp-content/themes/incidentiq/build/8a5252879a066e92dd14.woff @ https://kit-pro.fontawesome.com/releases/latest/js/pro.min.js:0
[   47593ms] [WARNING] OTS parsing error: invalid sfntVersion: 1702391919 @ https://kit-pro.fontawesome.com/releases/latest/js/pro.min.js:0
[   47593ms] [WARNING] Failed to decode downloaded font: https://www.incidentiq.com/wp-content/themes/incidentiq/build/9411e35d05f1c344538c.woff @ https://kit-pro.fontawesome.com/releases/latest/js/pro.min.js:0
[   47593ms] [WARNING] OTS parsing error: invalid sfntVersion: 1702391919 @ https://kit-pro.fontawesome.com/releases/latest/js/pro.min.js:0
[   47632ms] [ERROR] Failed to load resource: net::ERR_NAME_NOT_RESOLVED @ https://googleads.g.doubleclick.net/pagead/viewthroughconversion/791122909/?random=1776007624255&cv=11&fst=1776007624255&bg=ffffff&guid=ON&async=1&en=gtag.config&gtm=45be6490h2v9166792355z879782257za20gzb79782257zd79782257xec&gcd=13v3v3v3v5l1&dma=0&tag_exp=0~115616985~115938466~115938468&u_w=2560&u_h=1440&url=https%3A%2F%2Fwww.incidentiq.com%2Fevents&ref=https%3A%2F%2Fwww.incidentiq.com%2Fproducts%2Fschool-event-management-software&rcb=12&frm=0&tiba=Events%20-%20Incident%20IQ&did=dY2Q2ZW&gdid=dY2Q2ZW&hn=www.googleadservices.com&npa=0&pscdl=noapi&auid=1148148271.1776007585&uaa=arm&uab=64&uafvl=Google%2520Chrome%3B147.0.7727.56%7CNot.A%252FBrand%3B8.0.0.0%7CChromium%3B147.0.7727.56&uamb=0&uam=&uap=macOS&uapv=26.3.1&uaw=0&_tu=CA&data=event%3Dgtag.config&gap.plf=5&rfmt=3&fmt=4:0
[   47632ms] [ERROR] Failed to load resource: net::ERR_NAME_NOT_RESOLVED @ https://googleads.g.doubleclick.net/pagead/viewthroughconversion/791122909/?random=1776007624261&cv=11&fst=1776007624261&bg=ffffff&guid=ON&async=1&gtm=45be6490h2v9166792355z879782257za20gzb79782257zd79782257xea&gcd=13v3v3v3v5l1&dma=0&tag_exp=0~115616985~115938466~115938468&u_w=2560&u_h=1440&url=https%3A%2F%2Fwww.incidentiq.com%2Fevents&ref=https%3A%2F%2Fwww.incidentiq.com%2Fproducts%2Fschool-event-management-software&rcb=12&frm=0&tiba=Events%20-%20Incident%20IQ&did=dY2Q2ZW&gdid=dY2Q2ZW&hn=www.googleadservices.com&npa=0&pscdl=noapi&auid=1148148271.1776007585&uaa=arm&uab=64&uafvl=Google%2520Chrome%3B147.0.7727.56%7CNot.A%252FBrand%3B8.0.0.0%7CChromium%3B147.0.7727.56&uamb=0&uam=&uap=macOS&uapv=26.3.1&uaw=0&_tu=CA&data=ads_data_redaction%3Dfalse&gap.plf=5&rfmt=3&fmt=4:0
[   47633ms] [ERROR] Failed to load resource: net::ERR_NAME_NOT_RESOLVED @ https://www.googleadservices.com/pagead/conversion/791122909/?random=1776007624264&cv=11&fst=1776007624264&bg=ffffff&guid=ON&async=1&en=conversion&gtm=45be6490h2v9166792355z879782257za20gzb79782257zd79782257xea&gcs=G111&gcd=13v3v3v3v5l1&dma=0&tag_exp=0~115616985~115938466~115938468&u_w=2560&u_h=1440&url=https%3A%2F%2Fwww.incidentiq.com%2Fevents&ref=https%3A%2F%2Fwww.incidentiq.com%2Fproducts%2Fschool-event-management-software&rcb=12&label=J8rBCJum8bkZEN2nnvkC&capi=1&frm=0&tiba=Events%20-%20Incident%20IQ&did=dY2Q2ZW&gdid=dY2Q2ZW&bttype=purchase&value=0&hn=www.googleadservices.com&npa=0&pscdl=noapi&auid=1148148271.1776007585&uaa=arm&uab=64&uafvl=Google%2520Chrome%3B147.0.7727.56%7CNot.A%252FBrand%3B8.0.0.0%7CChromium%3B147.0.7727.56&uamb=0&uam=&uap=macOS&uapv=26.3.1&uaw=0&ec_mode=a&_tu=CA&gcl_ctr=7~0~0~0&data=ads_data_redaction%3Dfalse&gap.plf=5&category=acrcp_v1_512&em=tv.1&fmt=7:0
[   47633ms] [ERROR] Failed to load resource: net::ERR_NAME_NOT_RESOLVED @ https://www.googleadservices.com/pagead/conversion/791122909/?random=1776007624263&cv=11&fst=1776007624263&bg=ffffff&guid=ON&async=1&en=conversion&gtm=45be6490h2v9166792355z879782257za20gzb79782257zd79782257xea&gcs=G111&gcd=13v3v3v3v5l1&dma=0&tag_exp=0~115616985~115938466~115938468&u_w=2560&u_h=1440&url=https%3A%2F%2Fwww.incidentiq.com%2Fevents&ref=https%3A%2F%2Fwww.incidentiq.com%2Fproducts%2Fschool-event-management-software&rcb=12&label=OPkuCMDd3fgDEN2nnvkC&capi=1&frm=0&tiba=Events%20-%20Incident%20IQ&did=dY2Q2ZW&gdid=dY2Q2ZW&bttype=purchase&value=0&hn=www.googleadservices.com&npa=0&pscdl=noapi&auid=1148148271.1776007585&uaa=arm&uab=64&uafvl=Google%2520Chrome%3B147.0.7727.56%7CNot.A%252FBrand%3B8.0.0.0%7CChromium%3B147.0.7727.56&uamb=0&uam=&uap=macOS&uapv=26.3.1&uaw=0&ec_mode=a&_tu=CA&gcl_ctr=6~0~0~0&data=ads_data_redaction%3Dfalse&gap.plf=5&category=acrcp_v1_512&em=tv.1&fmt=7:0
[   47640ms] [ERROR] Failed to load resource: net::ERR_NAME_NOT_RESOLVED @ https://googleads.g.doubleclick.net/pagead/viewthroughconversion/791122909/?random=1776007624255&cv=11&fst=1776007624255&fmt=3&bg=ffffff&guid=ON&async=1&en=gtag.config&gtm=45be6490h2v9166792355z879782257za20gzb79782257zd79782257xec&gcd=13v3v3v3v5l1&dma=0&tag_exp=0~115616985~115938466~115938468&u_w=2560&u_h=1440&url=https%3A%2F%2Fwww.incidentiq.com%2Fevents&ref=https%3A%2F%2Fwww.incidentiq.com%2Fproducts%2Fschool-event-management-software&rcb=12&frm=0&tiba=Events%20-%20Incident%20IQ&did=dY2Q2ZW&gdid=dY2Q2ZW&hn=www.googleadservices.com&npa=0&pscdl=noapi&auid=1148148271.1776007585&uaa=arm&uab=64&uafvl=Google%2520Chrome%3B147.0.7727.56%7CNot.A%252FBrand%3B8.0.0.0%7CChromium%3B147.0.7727.56&uamb=0&uam=&uap=macOS&uapv=26.3.1&uaw=0&_tu=CA&data=event%3Dgtag.config&gap.plf=5:0
[   47640ms] [ERROR] Failed to load resource: net::ERR_NAME_NOT_RESOLVED @ https://googleads.g.doubleclick.net/pagead/viewthroughconversion/791122909/?random=1776007624261&cv=11&fst=1776007624261&fmt=3&bg=ffffff&guid=ON&async=1&gtm=45be6490h2v9166792355z879782257za20gzb79782257zd79782257xea&gcd=13v3v3v3v5l1&dma=0&tag_exp=0~115616985~115938466~115938468&u_w=2560&u_h=1440&url=https%3A%2F%2Fwww.incidentiq.com%2Fevents&ref=https%3A%2F%2Fwww.incidentiq.com%2Fproducts%2Fschool-event-management-software&rcb=12&frm=0&tiba=Events%20-%20Incident%20IQ&did=dY2Q2ZW&gdid=dY2Q2ZW&hn=www.googleadservices.com&npa=0&pscdl=noapi&auid=1148148271.1776007585&uaa=arm&uab=64&uafvl=Google%2520Chrome%3B147.0.7727.56%7CNot.A%252FBrand%3B8.0.0.0%7CChromium%3B147.0.7727.56&uamb=0&uam=&uap=macOS&uapv=26.3.1&uaw=0&_tu=CA&data=ads_data_redaction%3Dfalse&gap.plf=5:0
[   47981ms] [WARNING] Failed to decode downloaded font: https://www.incidentiq.com/wp-content/themes/incidentiq/build/c3116a8e61fdc1ec04be.woff @ https://cdn-cookieyes.com/client_data/26bc3e7f31fafca733bf2a02/banner.js:0
[   47982ms] [WARNING] OTS parsing error: invalid sfntVersion: 1702391919 @ https://cdn-cookieyes.com/client_data/26bc3e7f31fafca733bf2a02/banner.js:0
[   47982ms] [WARNING] Failed to decode downloaded font: https://www.incidentiq.com/wp-content/themes/incidentiq/build/8a5252879a066e92dd14.woff @ https://cdn-cookieyes.com/client_data/26bc3e7f31fafca733bf2a02/banner.js:0
[   47982ms] [WARNING] OTS parsing error: invalid sfntVersion: 1702391919 @ https://cdn-cookieyes.com/client_data/26bc3e7f31fafca733bf2a02/banner.js:0
[   47982ms] [WARNING] Failed to decode downloaded font: https://www.incidentiq.com/wp-content/themes/incidentiq/build/9411e35d05f1c344538c.woff @ https://cdn-cookieyes.com/client_data/26bc3e7f31fafca733bf2a02/banner.js:0
[   47982ms] [WARNING] OTS parsing error: invalid sfntVersion: 1702391919 @ https://cdn-cookieyes.com/client_data/26bc3e7f31fafca733bf2a02/banner.js:0
[   47982ms] [WARNING] Failed to decode downloaded font: https://www.incidentiq.com/wp-content/themes/incidentiq/build/c3116a8e61fdc1ec04be.woff @ https://cdn-cookieyes.com/client_data/26bc3e7f31fafca733bf2a02/banner.js:0
[   47982ms] [WARNING] OTS parsing error: invalid sfntVersion: 1702391919 @ https://cdn-cookieyes.com/client_data/26bc3e7f31fafca733bf2a02/banner.js:0
[   47982ms] [WARNING] Failed to decode downloaded font: https://www.incidentiq.com/wp-content/themes/incidentiq/build/8a5252879a066e92dd14.woff @ https://cdn-cookieyes.com/client_data/26bc3e7f31fafca733bf2a02/banner.js:0
[   47982ms] [WARNING] OTS parsing error: invalid sfntVersion: 1702391919 @ https://cdn-cookieyes.com/client_data/26bc3e7f31fafca733bf2a02/banner.js:0
[   47982ms] [WARNING] Failed to decode downloaded font: https://www.incidentiq.com/wp-content/themes/incidentiq/build/9411e35d05f1c344538c.woff @ https://cdn-cookieyes.com/client_data/26bc3e7f31fafca733bf2a02/banner.js:0
[   47982ms] [WARNING] OTS parsing error: invalid sfntVersion: 1702391919 @ https://cdn-cookieyes.com/client_data/26bc3e7f31fafca733bf2a02/banner.js:0
[   47992ms] [ERROR] Failed to load resource: net::ERR_NAME_NOT_RESOLVED @ https://tags.srv.stackadapt.com/events.js:0
[   48003ms] [WARNING] Failed to decode downloaded font: https://www.incidentiq.com/wp-content/themes/incidentiq/build/c3116a8e61fdc1ec04be.woff @ https://www.incidentiq.com/events:0
[   48003ms] [WARNING] OTS parsing error: invalid sfntVersion: 1702391919 @ https://www.incidentiq.com/events:0
[   48003ms] [WARNING] Failed to decode downloaded font: https://www.incidentiq.com/wp-content/themes/incidentiq/build/8a5252879a066e92dd14.woff @ https://www.incidentiq.com/events:0
[   48003ms] [WARNING] OTS parsing error: invalid sfntVersion: 1702391919 @ https://www.incidentiq.com/events:0
[   48003ms] [WARNING] Failed to decode downloaded font: https://www.incidentiq.com/wp-content/themes/incidentiq/build/9411e35d05f1c344538c.woff @ https://www.incidentiq.com/events:0
[   48003ms] [WARNING] OTS parsing error: invalid sfntVersion: 1702391919 @ https://www.incidentiq.com/events:0
[   48003ms] [WARNING] Failed to decode downloaded font: https://www.incidentiq.com/wp-content/themes/incidentiq/build/c3116a8e61fdc1ec04be.woff @ https://www.incidentiq.com/events:0
[   48003ms] [WARNING] OTS parsing error: invalid sfntVersion: 1702391919 @ https://www.incidentiq.com/events:0
[   48003ms] [WARNING] Failed to decode downloaded font: https://www.incidentiq.com/wp-content/themes/incidentiq/build/8a5252879a066e92dd14.woff @ https://www.incidentiq.com/events:0
[   48003ms] [WARNING] OTS parsing error: invalid sfntVersion: 1702391919 @ https://www.incidentiq.com/events:0
[   48003ms] [WARNING] Failed to decode downloaded font: https://www.incidentiq.com/wp-content/themes/incidentiq/build/9411e35d05f1c344538c.woff @ https://www.incidentiq.com/events:0
[   48003ms] [WARNING] OTS parsing error: invalid sfntVersion: 1702391919 @ https://www.incidentiq.com/events:0
[   48004ms] [ERROR] Failed to load resource: net::ERR_NAME_NOT_RESOLVED @ https://secure.adnxs.com/getuidj:0
[   48004ms] [LOG] %c6sense JS 
        font-weight: bold;
        border-radius: 3px;
        background-color: #ff583d;
        color: #192232;
        padding: 1px 2px;
         Error loading pending commands: Found a _6si object on the window, but it was not an array. @ https://j.6sc.co/6si.min.js:0
[   48053ms] [ERROR] Failed to load resource: net::ERR_NAME_NOT_RESOLVED @ https://792-ttg-698.mktoresp.com/webevents/visitWebPage?_mchNc=1776007624692&_mchCn=&_mchId=792-TTG-698&_mchTk=_mch-incidentiq.com-b8e82461b0dd92cd9eb76a81bb25e90a&_mchHo=www.incidentiq.com&_mchPo=&_mchRu=%2Fevents&_mchPc=https%3A&_mchVr=165&_mchEcid=&_mchHa=&_mchRe=https%3A%2F%2Fwww.incidentiq.com%2Fproducts%2Fschool-event-management-software&_mchQp=:0
[   48155ms] [ERROR] Failed to load resource: net::ERR_NAME_NOT_RESOLVED @ https://epsilon.6sense.com/v3/company/details:0
[   48176ms] [ERROR] Failed to load resource: net::ERR_NAME_NOT_RESOLVED @ https://stags.bluekai.com/site/24365?limit=1&phint=activation%3Da_incident-iq_us_kpi-target_incident-iq:0
[   48349ms] [ERROR] Failed to load resource: net::ERR_NAME_NOT_RESOLVED @ https://match.adsrvr.org/track/cmf/generic?ttd_pid=pubmatic:0
[   48513ms] [WARNING] Failed to decode downloaded font: https://www.incidentiq.com/wp-content/themes/incidentiq/build/c3116a8e61fdc1ec04be.woff @ https://www.incidentiq.com/events:0
[   48513ms] [WARNING] OTS parsing error: invalid sfntVersion: 1702391919 @ https://www.incidentiq.com/events:0
[   48513ms] [WARNING] Failed to decode downloaded font: https://www.incidentiq.com/wp-content/themes/incidentiq/build/8a5252879a066e92dd14.woff @ https://www.incidentiq.com/events:0
[   48513ms] [WARNING] OTS parsing error: invalid sfntVersion: 1702391919 @ https://www.incidentiq.com/events:0
[   48513ms] [WARNING] Failed to decode downloaded font: https://www.incidentiq.com/wp-content/themes/incidentiq/build/9411e35d05f1c344538c.woff @ https://www.incidentiq.com/events:0
[   48513ms] [WARNING] OTS parsing error: invalid sfntVersion: 1702391919 @ https://www.incidentiq.com/events:0
[   48513ms] [WARNING] Failed to decode downloaded font: https://www.incidentiq.com/wp-content/themes/incidentiq/build/c3116a8e61fdc1ec04be.woff @ https://www.incidentiq.com/events:0
[   48513ms] [WARNING] OTS parsing error: invalid sfntVersion: 1702391919 @ https://www.incidentiq.com/events:0
[   48513ms] [WARNING] Failed to decode downloaded font: https://www.incidentiq.com/wp-content/themes/incidentiq/build/8a5252879a066e92dd14.woff @ https://www.incidentiq.com/events:0
[   48513ms] [WARNING] OTS parsing error: invalid sfntVersion: 1702391919 @ https://www.incidentiq.com/events:0
[   48513ms] [WARNING] Failed to decode downloaded font: https://www.incidentiq.com/wp-content/themes/incidentiq/build/9411e35d05f1c344538c.woff @ https://www.incidentiq.com/events:0
[   48513ms] [WARNING] OTS parsing error: invalid sfntVersion: 1702391919 @ https://www.incidentiq.com/events:0
[   48838ms] [ERROR] Failed to load resource: net::ERR_SSL_VERSION_OR_CIPHER_MISMATCH @ https://www2.incidentiq.com/dcjs/795003/633/dc.js:0
[   54938ms] [ERROR] Failed to load resource: net::ERR_NAME_NOT_RESOLVED @ https://792-ttg-698.mktoresp.com/webevents/clickLink?_mchNc=1776007631571&_mchHr=https%3A%2F%2Fwww.incidentiq.com%2F%3Fevent%3Dtri-state-asbo-2026&_mchId=792-TTG-698&_mchTk=_mch-incidentiq.com-b8e82461b0dd92cd9eb76a81bb25e90a&_mchCn=&_mchHo=www.incidentiq.com&_mchPo=&_mchRu=%2Fevents&_mchPc=https%3A&_mchVr=165&_mchEcid=&:0
[   55513ms] [ERROR] Failed to load resource: the server responded with a status of 403 () @ https://www.incidentiq.com/wp-admin/admin-ajax.php:0
[   65781ms] [ERROR] Failed to load resource: net::ERR_NAME_NOT_RESOLVED @ https://792-ttg-698.mktoresp.com/webevents/clickLink?_mchNc=1776007642415&_mchHr=https%3A%2F%2Fwww.incidentiq.com%2F%3Fevent%3Dokasbo-spring-conference&_mchId=792-TTG-698&_mchTk=_mch-incidentiq.com-b8e82461b0dd92cd9eb76a81bb25e90a&_mchCn=&_mchHo=www.incidentiq.com&_mchPo=&_mchRu=%2Fevents&_mchPc=https%3A&_mchVr=165&_mchEcid=&:0
[   66339ms] [ERROR] Failed to load resource: the server responded with a status of 403 () @ https://www.incidentiq.com/wp-admin/admin-ajax.php:0
[   76146ms] [WARNING] The resource https://www.incidentiq.com/wp-content/uploads/2025/12/cta_banner.png was preloaded using link preload but not used within a few seconds from the window's load event. Please make sure it has an appropriate `as` value and it is preloaded intentionally. @ https://www.incidentiq.com/events:0
[   76146ms] [WARNING] The resource https://www.incidentiq.com/wp-content/uploads/2026/02/Hero-section.svg was preloaded using link preload but not used within a few seconds from the window's load event. Please make sure it has an appropriate `as` value and it is preloaded intentionally. @ https://www.incidentiq.com/events:0
[   77616ms] [ERROR] Failed to load resource: net::ERR_NAME_NOT_RESOLVED @ https://www.googleadservices.com/pagead/conversion/791122909/?random=1776007654243&cv=11&fst=1776007654243&bg=ffffff&guid=ON&async=1&en=conversion&gtm=45be6490h2v9166792355z879782257za20gzb79782257zd79782257xea&gcs=G111&gcd=13v3v3v3v5l1&dma=0&tag_exp=0~115616985~115938466~115938468&u_w=2560&u_h=1440&url=https%3A%2F%2Fwww.incidentiq.com%2Fevents&ref=https%3A%2F%2Fwww.incidentiq.com%2Fproducts%2Fschool-event-management-software&rcb=12&label=ef7QCJWm8bkZEN2nnvkC&capi=1&frm=0&tiba=Events%20-%20Incident%20IQ&did=dY2Q2ZW&gdid=dY2Q2ZW&bttype=purchase&value=0&hn=www.googleadservices.com&npa=0&pscdl=noapi&auid=1148148271.1776007585&uaa=arm&uab=64&uafvl=Google%2520Chrome%3B147.0.7727.56%7CNot.A%252FBrand%3B8.0.0.0%7CChromium%3B147.0.7727.56&uamb=0&uam=&uap=macOS&uapv=26.3.1&uaw=0&ec_mode=a&_tu=CA&gcl_ctr=8~0~0~0&data=ads_data_redaction%3Dfalse&gap.plf=5&category=acrcp_v1_512&em=tv.1&fmt=7:0
[   88155ms] [WARNING] The resource https://www.incidentiq.com/wp-content/uploads/2025/12/cta_banner.png was preloaded using link preload but not used within a few seconds from the window's load event. Please make sure it has an appropriate `as` value and it is preloaded intentionally. @ https://www.incidentiq.com/events:0
[   88155ms] [WARNING] The resource https://www.incidentiq.com/wp-content/uploads/2026/02/Hero-section.svg was preloaded using link preload but not used within a few seconds from the window's load event. Please make sure it has an appropriate `as` value and it is preloaded intentionally. @ https://www.incidentiq.com/events:0
[   91216ms] [WARNING] The resource https://www.incidentiq.com/wp-content/uploads/2025/12/cta_banner.png was preloaded using link preload but not used within a few seconds from the window's load event. Please make sure it has an appropriate `as` value and it is preloaded intentionally. @ https://www.incidentiq.com/events:0
[   91217ms] [WARNING] The resource https://www.incidentiq.com/wp-content/uploads/2026/02/Hero-section.svg was preloaded using link preload but not used within a few seconds from the window's load event. Please make sure it has an appropriate `as` value and it is preloaded intentionally. @ https://www.incidentiq.com/events:0
[  100188ms] [WARNING] The resource https://www.incidentiq.com/wp-content/uploads/2025/12/cta_banner.png was preloaded using link preload but not used within a few seconds from the window's load event. Please make sure it has an appropriate `as` value and it is preloaded intentionally. @ https://www.incidentiq.com/events:0
[  100189ms] [WARNING] The resource https://www.incidentiq.com/wp-content/uploads/2026/02/Hero-section.svg was preloaded using link preload but not used within a few seconds from the window's load event. Please make sure it has an appropriate `as` value and it is preloaded intentionally. @ https://www.incidentiq.com/events:0
[  107616ms] [ERROR] Failed to load resource: net::ERR_NAME_NOT_RESOLVED @ https://www.googleadservices.com/pagead/conversion/791122909/?random=1776007684243&cv=11&fst=1776007684243&bg=ffffff&guid=ON&async=1&en=conversion&gtm=45be6490h2v9166792355z879782257za20gzb79782257zd79782257xea&gcs=G111&gcd=13v3v3v3v5l1&dma=0&tag_exp=0~115616985~115938466~115938468&u_w=2560&u_h=1440&url=https%3A%2F%2Fwww.incidentiq.com%2Fevents&ref=https%3A%2F%2Fwww.incidentiq.com%2Fproducts%2Fschool-event-management-software&rcb=12&label=l4edCJim8bkZEN2nnvkC&capi=1&frm=0&tiba=Events%20-%20Incident%20IQ&did=dY2Q2ZW&gdid=dY2Q2ZW&bttype=purchase&value=0&hn=www.googleadservices.com&npa=0&pscdl=noapi&auid=1148148271.1776007585&uaa=arm&uab=64&uafvl=Google%2520Chrome%3B147.0.7727.56%7CNot.A%252FBrand%3B8.0.0.0%7CChromium%3B147.0.7727.56&uamb=0&uam=&uap=macOS&uapv=26.3.1&uaw=0&ec_mode=a&_tu=CA&gcl_ctr=9~0~0~0&data=ads_data_redaction%3Dfalse&gap.plf=5&category=acrcp_v1_512&em=tv.1&fmt=7:0
[  110618ms] [WARNING] The resource https://www.incidentiq.com/wp-content/uploads/2025/12/cta_banner.png was preloaded using link preload but not used within a few seconds from the window's load event. Please make sure it has an appropriate `as` value and it is preloaded intentionally. @ https://www.incidentiq.com/events:0
[  110618ms] [WARNING] The resource https://www.incidentiq.com/wp-content/uploads/2026/02/Hero-section.svg was preloaded using link preload but not used within a few seconds from the window's load event. Please make sure it has an appropriate `as` value and it is preloaded intentionally. @ https://www.incidentiq.com/events:0
[  118173ms] [WARNING] The resource https://www.incidentiq.com/wp-content/uploads/2025/12/cta_banner.png was preloaded using link preload but not used within a few seconds from the window's load event. Please make sure it has an appropriate `as` value and it is preloaded intentionally. @ https://www.incidentiq.com/events:0
[  118173ms] [WARNING] The resource https://www.incidentiq.com/wp-content/uploads/2026/02/Hero-section.svg was preloaded using link preload but not used within a few seconds from the window's load event. Please make sure it has an appropriate `as` value and it is preloaded intentionally. @ https://www.incidentiq.com/events:0
[  127186ms] [WARNING] The resource https://www.incidentiq.com/wp-content/uploads/2025/12/cta_banner.png was preloaded using link preload but not used within a few seconds from the window's load event. Please make sure it has an appropriate `as` value and it is preloaded intentionally. @ https://www.incidentiq.com/events:0
[  127186ms] [WARNING] The resource https://www.incidentiq.com/wp-content/uploads/2026/02/Hero-section.svg was preloaded using link preload but not used within a few seconds from the window's load event. Please make sure it has an appropriate `as` value and it is preloaded intentionally. @ https://www.incidentiq.com/events:0
[  136232ms] [WARNING] The resource https://www.incidentiq.com/wp-content/uploads/2025/12/cta_banner.png was preloaded using link preload but not used within a few seconds from the window's load event. Please make sure it has an appropriate `as` value and it is preloaded intentionally. @ https://www.incidentiq.com/events:0
[  136232ms] [WARNING] The resource https://www.incidentiq.com/wp-content/uploads/2026/02/Hero-section.svg was preloaded using link preload but not used within a few seconds from the window's load event. Please make sure it has an appropriate `as` value and it is preloaded intentionally. @ https://www.incidentiq.com/events:0
[  145220ms] [WARNING] The resource https://www.incidentiq.com/wp-content/uploads/2025/12/cta_banner.png was preloaded using link preload but not used within a few seconds from the window's load event. Please make sure it has an appropriate `as` value and it is preloaded intentionally. @ https://www.incidentiq.com/events:0
[  145221ms] [WARNING] The resource https://www.incidentiq.com/wp-content/uploads/2026/02/Hero-section.svg was preloaded using link preload but not used within a few seconds from the window's load event. Please make sure it has an appropriate `as` value and it is preloaded intentionally. @ https://www.incidentiq.com/events:0
[  154178ms] [WARNING] The resource https://www.incidentiq.com/wp-content/uploads/2025/12/cta_banner.png was preloaded using link preload but not used within a few seconds from the window's load event. Please make sure it has an appropriate `as` value and it is preloaded intentionally. @ https://www.incidentiq.com/events:0
[  154179ms] [WARNING] The resource https://www.incidentiq.com/wp-content/uploads/2026/02/Hero-section.svg was preloaded using link preload but not used within a few seconds from the window's load event. Please make sure it has an appropriate `as` value and it is preloaded intentionally. @ https://www.incidentiq.com/events:0
[  163197ms] [WARNING] The resource https://www.incidentiq.com/wp-content/uploads/2025/12/cta_banner.png was preloaded using link preload but not used within a few seconds from the window's load event. Please make sure it has an appropriate `as` value and it is preloaded intentionally. @ https://www.incidentiq.com/events:0
[  163197ms] [WARNING] The resource https://www.incidentiq.com/wp-content/uploads/2026/02/Hero-section.svg was preloaded using link preload but not used within a few seconds from the window's load event. Please make sure it has an appropriate `as` value and it is preloaded intentionally. @ https://www.incidentiq.com/events:0
[  172181ms] [WARNING] The resource https://www.incidentiq.com/wp-content/uploads/2025/12/cta_banner.png was preloaded using link preload but not used within a few seconds from the window's load event. Please make sure it has an appropriate `as` value and it is preloaded intentionally. @ https://www.incidentiq.com/events:0
[  172181ms] [WARNING] The resource https://www.incidentiq.com/wp-content/uploads/2026/02/Hero-section.svg was preloaded using link preload but not used within a few seconds from the window's load event. Please make sure it has an appropriate `as` value and it is preloaded intentionally. @ https://www.incidentiq.com/events:0
[  181178ms] [WARNING] The resource https://www.incidentiq.com/wp-content/uploads/2025/12/cta_banner.png was preloaded using link preload but not used within a few seconds from the window's load event. Please make sure it has an appropriate `as` value and it is preloaded intentionally. @ https://www.incidentiq.com/events:0
[  181179ms] [WARNING] The resource https://www.incidentiq.com/wp-content/uploads/2026/02/Hero-section.svg was preloaded using link preload but not used within a few seconds from the window's load event. Please make sure it has an appropriate `as` value and it is preloaded intentionally. @ https://www.incidentiq.com/events:0
[  196941ms] [WARNING] The resource https://www.incidentiq.com/wp-content/uploads/2025/12/cta_banner.png was preloaded using link preload but not used within a few seconds from the window's load event. Please make sure it has an appropriate `as` value and it is preloaded intentionally. @ https://www.incidentiq.com/events:0
[  196941ms] [WARNING] The resource https://www.incidentiq.com/wp-content/uploads/2026/02/Hero-section.svg was preloaded using link preload but not used within a few seconds from the window's load event. Please make sure it has an appropriate `as` value and it is preloaded intentionally. @ https://www.incidentiq.com/events:0
[  208200ms] [WARNING] The resource https://www.incidentiq.com/wp-content/uploads/2025/12/cta_banner.png was preloaded using link preload but not used within a few seconds from the window's load event. Please make sure it has an appropriate `as` value and it is preloaded intentionally. @ https://www.incidentiq.com/events:0
[  208200ms] [WARNING] The resource https://www.incidentiq.com/wp-content/uploads/2026/02/Hero-section.svg was preloaded using link preload but not used within a few seconds from the window's load event. Please make sure it has an appropriate `as` value and it is preloaded intentionally. @ https://www.incidentiq.com/events:0
[  235187ms] [WARNING] The resource https://www.incidentiq.com/wp-content/uploads/2025/12/cta_banner.png was preloaded using link preload but not used within a few seconds from the window's load event. Please make sure it has an appropriate `as` value and it is preloaded intentionally. @ https://www.incidentiq.com/events:0
[  235188ms] [WARNING] The resource https://www.incidentiq.com/wp-content/uploads/2026/02/Hero-section.svg was preloaded using link preload but not used within a few seconds from the window's load event. Please make sure it has an appropriate `as` value and it is preloaded intentionally. @ https://www.incidentiq.com/events:0
[  257946ms] [WARNING] The resource https://www.incidentiq.com/wp-content/uploads/2025/12/cta_banner.png was preloaded using link preload but not used within a few seconds from the window's load event. Please make sure it has an appropriate `as` value and it is preloaded intentionally. @ https://www.incidentiq.com/events:0
[  257946ms] [WARNING] The resource https://www.incidentiq.com/wp-content/uploads/2026/02/Hero-section.svg was preloaded using link preload but not used within a few seconds from the window's load event. Please make sure it has an appropriate `as` value and it is preloaded intentionally. @ https://www.incidentiq.com/events:0
[  262189ms] [WARNING] The resource https://www.incidentiq.com/wp-content/uploads/2025/12/cta_banner.png was preloaded using link preload but not used within a few seconds from the window's load event. Please make sure it has an appropriate `as` value and it is preloaded intentionally. @ https://www.incidentiq.com/events:0
[  262189ms] [WARNING] The resource https://www.incidentiq.com/wp-content/uploads/2026/02/Hero-section.svg was preloaded using link preload but not used within a few seconds from the window's load event. Please make sure it has an appropriate `as` value and it is preloaded intentionally. @ https://www.incidentiq.com/events:0
[  289207ms] [WARNING] The resource https://www.incidentiq.com/wp-content/uploads/2025/12/cta_banner.png was preloaded using link preload but not used within a few seconds from the window's load event. Please make sure it has an appropriate `as` value and it is preloaded intentionally. @ https://www.incidentiq.com/events:0
[  289207ms] [WARNING] The resource https://www.incidentiq.com/wp-content/uploads/2026/02/Hero-section.svg was preloaded using link preload but not used within a few seconds from the window's load event. Please make sure it has an appropriate `as` value and it is preloaded intentionally. @ https://www.incidentiq.com/events:0
[  318987ms] [WARNING] The resource https://www.incidentiq.com/wp-content/uploads/2025/12/cta_banner.png was preloaded using link preload but not used within a few seconds from the window's load event. Please make sure it has an appropriate `as` value and it is preloaded intentionally. @ https://www.incidentiq.com/events:0
[  318987ms] [WARNING] The resource https://www.incidentiq.com/wp-content/uploads/2026/02/Hero-section.svg was preloaded using link preload but not used within a few seconds from the window's load event. Please make sure it has an appropriate `as` value and it is preloaded intentionally. @ https://www.incidentiq.com/events:0
[  343199ms] [WARNING] The resource https://www.incidentiq.com/wp-content/uploads/2025/12/cta_banner.png was preloaded using link preload but not used within a few seconds from the window's load event. Please make sure it has an appropriate `as` value and it is preloaded intentionally. @ https://www.incidentiq.com/events:0
[  343199ms] [WARNING] The resource https://www.incidentiq.com/wp-content/uploads/2026/02/Hero-section.svg was preloaded using link preload but not used within a few seconds from the window's load event. Please make sure it has an appropriate `as` value and it is preloaded intentionally. @ https://www.incidentiq.com/events:0
[  370199ms] [WARNING] The resource https://www.incidentiq.com/wp-content/uploads/2025/12/cta_banner.png was preloaded using link preload but not used within a few seconds from the window's load event. Please make sure it has an appropriate `as` value and it is preloaded intentionally. @ https://www.incidentiq.com/events:0
[  370199ms] [WARNING] The resource https://www.incidentiq.com/wp-content/uploads/2026/02/Hero-section.svg was preloaded using link preload but not used within a few seconds from the window's load event. Please make sure it has an appropriate `as` value and it is preloaded intentionally. @ https://www.incidentiq.com/events:0
[  397222ms] [WARNING] The resource https://www.incidentiq.com/wp-content/uploads/2025/12/cta_banner.png was preloaded using link preload but not used within a few seconds from the window's load event. Please make sure it has an appropriate `as` value and it is preloaded intentionally. @ https://www.incidentiq.com/events:0
[  397222ms] [WARNING] The resource https://www.incidentiq.com/wp-content/uploads/2026/02/Hero-section.svg was preloaded using link preload but not used within a few seconds from the window's load event. Please make sure it has an appropriate `as` value and it is preloaded intentionally. @ https://www.incidentiq.com/events:0
[  424206ms] [WARNING] The resource https://www.incidentiq.com/wp-content/uploads/2025/12/cta_banner.png was preloaded using link preload but not used within a few seconds from the window's load event. Please make sure it has an appropriate `as` value and it is preloaded intentionally. @ https://www.incidentiq.com/events:0
[  424206ms] [WARNING] The resource https://www.incidentiq.com/wp-content/uploads/2026/02/Hero-section.svg was preloaded using link preload but not used within a few seconds from the window's load event. Please make sure it has an appropriate `as` value and it is preloaded intentionally. @ https://www.incidentiq.com/events:0
[  451212ms] [WARNING] The resource https://www.incidentiq.com/wp-content/uploads/2025/12/cta_banner.png was preloaded using link preload but not used within a few seconds from the window's load event. Please make sure it has an appropriate `as` value and it is preloaded intentionally. @ https://www.incidentiq.com/events:0
[  451212ms] [WARNING] The resource https://www.incidentiq.com/wp-content/uploads/2026/02/Hero-section.svg was preloaded using link preload but not used within a few seconds from the window's load event. Please make sure it has an appropriate `as` value and it is preloaded intentionally. @ https://www.incidentiq.com/events:0
[  532212ms] [WARNING] The resource https://www.incidentiq.com/wp-content/uploads/2025/12/cta_banner.png was preloaded using link preload but not used within a few seconds from the window's load event. Please make sure it has an appropriate `as` value and it is preloaded intentionally. @ https://www.incidentiq.com/events:0
[  532212ms] [WARNING] The resource https://www.incidentiq.com/wp-content/uploads/2026/02/Hero-section.svg was preloaded using link preload but not used within a few seconds from the window's load event. Please make sure it has an appropriate `as` value and it is preloaded intentionally. @ https://www.incidentiq.com/events:0
[  613212ms] [WARNING] The resource https://www.incidentiq.com/wp-content/uploads/2025/12/cta_banner.png was preloaded using link preload but not used within a few seconds from the window's load event. Please make sure it has an appropriate `as` value and it is preloaded intentionally. @ https://www.incidentiq.com/events:0
[  613212ms] [WARNING] The resource https://www.incidentiq.com/wp-content/uploads/2026/02/Hero-section.svg was preloaded using link preload but not used within a few seconds from the window's load event. Please make sure it has an appropriate `as` value and it is preloaded intentionally. @ https://www.incidentiq.com/events:0
[  694222ms] [WARNING] The resource https://www.incidentiq.com/wp-content/uploads/2025/12/cta_banner.png was preloaded using link preload but not used within a few seconds from the window's load event. Please make sure it has an appropriate `as` value and it is preloaded intentionally. @ https://www.incidentiq.com/events:0
[  694222ms] [WARNING] The resource https://www.incidentiq.com/wp-content/uploads/2026/02/Hero-section.svg was preloaded using link preload but not used within a few seconds from the window's load event. Please make sure it has an appropriate `as` value and it is preloaded intentionally. @ https://www.incidentiq.com/events:0
[  775240ms] [WARNING] The resource https://www.incidentiq.com/wp-content/uploads/2025/12/cta_banner.png was preloaded using link preload but not used within a few seconds from the window's load event. Please make sure it has an appropriate `as` value and it is preloaded intentionally. @ https://www.incidentiq.com/events:0
[  775240ms] [WARNING] The resource https://www.incidentiq.com/wp-content/uploads/2026/02/Hero-section.svg was preloaded using link preload but not used within a few seconds from the window's load event. Please make sure it has an appropriate `as` value and it is preloaded intentionally. @ https://www.incidentiq.com/events:0
[  856253ms] [WARNING] The resource https://www.incidentiq.com/wp-content/uploads/2025/12/cta_banner.png was preloaded using link preload but not used within a few seconds from the window's load event. Please make sure it has an appropriate `as` value and it is preloaded intentionally. @ https://www.incidentiq.com/events:0
[  856253ms] [WARNING] The resource https://www.incidentiq.com/wp-content/uploads/2026/02/Hero-section.svg was preloaded using link preload but not used within a few seconds from the window's load event. Please make sure it has an appropriate `as` value and it is preloaded intentionally. @ https://www.incidentiq.com/events:0
[  937230ms] [WARNING] The resource https://www.incidentiq.com/wp-content/uploads/2025/12/cta_banner.png was preloaded using link preload but not used within a few seconds from the window's load event. Please make sure it has an appropriate `as` value and it is preloaded intentionally. @ https://www.incidentiq.com/events:0
[  937230ms] [WARNING] The resource https://www.incidentiq.com/wp-content/uploads/2026/02/Hero-section.svg was preloaded using link preload but not used within a few seconds from the window's load event. Please make sure it has an appropriate `as` value and it is preloaded intentionally. @ https://www.incidentiq.com/events:0
[ 1018229ms] [WARNING] The resource https://www.incidentiq.com/wp-content/uploads/2025/12/cta_banner.png was preloaded using link preload but not used within a few seconds from the window's load event. Please make sure it has an appropriate `as` value and it is preloaded intentionally. @ https://www.incidentiq.com/events:0
[ 1018229ms] [WARNING] The resource https://www.incidentiq.com/wp-content/uploads/2026/02/Hero-section.svg was preloaded using link preload but not used within a few seconds from the window's load event. Please make sure it has an appropriate `as` value and it is preloaded intentionally. @ https://www.incidentiq.com/events:0
[ 1099236ms] [WARNING] The resource https://www.incidentiq.com/wp-content/uploads/2025/12/cta_banner.png was preloaded using link preload but not used within a few seconds from the window's load event. Please make sure it has an appropriate `as` value and it is preloaded intentionally. @ https://www.incidentiq.com/events:0
[ 1099236ms] [WARNING] The resource https://www.incidentiq.com/wp-content/uploads/2026/02/Hero-section.svg was preloaded using link preload but not used within a few seconds from the window's load event. Please make sure it has an appropriate `as` value and it is preloaded intentionally. @ https://www.incidentiq.com/events:0
[ 1180261ms] [WARNING] The resource https://www.incidentiq.com/wp-content/uploads/2025/12/cta_banner.png was preloaded using link preload but not used within a few seconds from the window's load event. Please make sure it has an appropriate `as` value and it is preloaded intentionally. @ https://www.incidentiq.com/events:0
[ 1180261ms] [WARNING] The resource https://www.incidentiq.com/wp-content/uploads/2026/02/Hero-section.svg was preloaded using link preload but not used within a few seconds from the window's load event. Please make sure it has an appropriate `as` value and it is preloaded intentionally. @ https://www.incidentiq.com/events:0
[ 1261242ms] [WARNING] The resource https://www.incidentiq.com/wp-content/uploads/2025/12/cta_banner.png was preloaded using link preload but not used within a few seconds from the window's load event. Please make sure it has an appropriate `as` value and it is preloaded intentionally. @ https://www.incidentiq.com/events:0
[ 1261242ms] [WARNING] The resource https://www.incidentiq.com/wp-content/uploads/2026/02/Hero-section.svg was preloaded using link preload but not used within a few seconds from the window's load event. Please make sure it has an appropriate `as` value and it is preloaded intentionally. @ https://www.incidentiq.com/events:0
[ 1504359ms] [WARNING] The resource https://www.incidentiq.com/wp-content/uploads/2025/12/cta_banner.png was preloaded using link preload but not used within a few seconds from the window's load event. Please make sure it has an appropriate `as` value and it is preloaded intentionally. @ https://www.incidentiq.com/events:0
[ 1504359ms] [WARNING] The resource https://www.incidentiq.com/wp-content/uploads/2026/02/Hero-section.svg was preloaded using link preload but not used within a few seconds from the window's load event. Please make sure it has an appropriate `as` value and it is preloaded intentionally. @ https://www.incidentiq.com/events:0
[ 1747361ms] [WARNING] The resource https://www.incidentiq.com/wp-content/uploads/2025/12/cta_banner.png was preloaded using link preload but not used within a few seconds from the window's load event. Please make sure it has an appropriate `as` value and it is preloaded intentionally. @ https://www.incidentiq.com/events:0
[ 1747361ms] [WARNING] The resource https://www.incidentiq.com/wp-content/uploads/2026/02/Hero-section.svg was preloaded using link preload but not used within a few seconds from the window's load event. Please make sure it has an appropriate `as` value and it is preloaded intentionally. @ https://www.incidentiq.com/events:0
[ 1990405ms] [WARNING] The resource https://www.incidentiq.com/wp-content/uploads/2025/12/cta_banner.png was preloaded using link preload but not used within a few seconds from the window's load event. Please make sure it has an appropriate `as` value and it is preloaded intentionally. @ https://www.incidentiq.com/events:0
[ 1990405ms] [WARNING] The resource https://www.incidentiq.com/wp-content/uploads/2026/02/Hero-section.svg was preloaded using link preload but not used within a few seconds from the window's load event. Please make sure it has an appropriate `as` value and it is preloaded intentionally. @ https://www.incidentiq.com/events:0
[ 2233401ms] [WARNING] The resource https://www.incidentiq.com/wp-content/uploads/2025/12/cta_banner.png was preloaded using link preload but not used within a few seconds from the window's load event. Please make sure it has an appropriate `as` value and it is preloaded intentionally. @ https://www.incidentiq.com/events:0
[ 2233402ms] [WARNING] The resource https://www.incidentiq.com/wp-content/uploads/2026/02/Hero-section.svg was preloaded using link preload but not used within a few seconds from the window's load event. Please make sure it has an appropriate `as` value and it is preloaded intentionally. @ https://www.incidentiq.com/events:0
[ 2476400ms] [WARNING] The resource https://www.incidentiq.com/wp-content/uploads/2025/12/cta_banner.png was preloaded using link preload but not used within a few seconds from the window's load event. Please make sure it has an appropriate `as` value and it is preloaded intentionally. @ https://www.incidentiq.com/events:0
[ 2476400ms] [WARNING] The resource https://www.incidentiq.com/wp-content/uploads/2026/02/Hero-section.svg was preloaded using link preload but not used within a few seconds from the window's load event. Please make sure it has an appropriate `as` value and it is preloaded intentionally. @ https://www.incidentiq.com/events:0
[ 2719390ms] [WARNING] The resource https://www.incidentiq.com/wp-content/uploads/2025/12/cta_banner.png was preloaded using link preload but not used within a few seconds from the window's load event. Please make sure it has an appropriate `as` value and it is preloaded intentionally. @ https://www.incidentiq.com/events:0
[ 2719390ms] [WARNING] The resource https://www.incidentiq.com/wp-content/uploads/2026/02/Hero-section.svg was preloaded using link preload but not used within a few seconds from the window's load event. Please make sure it has an appropriate `as` value and it is preloaded intentionally. @ https://www.incidentiq.com/events:0
[ 2962395ms] [WARNING] The resource https://www.incidentiq.com/wp-content/uploads/2025/12/cta_banner.png was preloaded using link preload but not used within a few seconds from the window's load event. Please make sure it has an appropriate `as` value and it is preloaded intentionally. @ https://www.incidentiq.com/events:0
[ 2962395ms] [WARNING] The resource https://www.incidentiq.com/wp-content/uploads/2026/02/Hero-section.svg was preloaded using link preload but not used within a few seconds from the window's load event. Please make sure it has an appropriate `as` value and it is preloaded intentionally. @ https://www.incidentiq.com/events:0
[ 3205406ms] [WARNING] The resource https://www.incidentiq.com/wp-content/uploads/2025/12/cta_banner.png was preloaded using link preload but not used within a few seconds from the window's load event. Please make sure it has an appropriate `as` value and it is preloaded intentionally. @ https://www.incidentiq.com/events:0
[ 3205407ms] [WARNING] The resource https://www.incidentiq.com/wp-content/uploads/2026/02/Hero-section.svg was preloaded using link preload but not used within a few seconds from the window's load event. Please make sure it has an appropriate `as` value and it is preloaded intentionally. @ https://www.incidentiq.com/events:0
[ 3448411ms] [WARNING] The resource https://www.incidentiq.com/wp-content/uploads/2025/12/cta_banner.png was preloaded using link preload but not used within a few seconds from the window's load event. Please make sure it has an appropriate `as` value and it is preloaded intentionally. @ https://www.incidentiq.com/events:0
[ 3448411ms] [WARNING] The resource https://www.incidentiq.com/wp-content/uploads/2026/02/Hero-section.svg was preloaded using link preload but not used within a few seconds from the window's load event. Please make sure it has an appropriate `as` value and it is preloaded intentionally. @ https://www.incidentiq.com/events:0
[ 3691407ms] [WARNING] The resource https://www.incidentiq.com/wp-content/uploads/2025/12/cta_banner.png was preloaded using link preload but not used within a few seconds from the window's load event. Please make sure it has an appropriate `as` value and it is preloaded intentionally. @ https://www.incidentiq.com/events:0
[ 3691408ms] [WARNING] The resource https://www.incidentiq.com/wp-content/uploads/2026/02/Hero-section.svg was preloaded using link preload but not used within a few seconds from the window's load event. Please make sure it has an appropriate `as` value and it is preloaded intentionally. @ https://www.incidentiq.com/events:0
[ 4420444ms] [WARNING] The resource https://www.incidentiq.com/wp-content/uploads/2025/12/cta_banner.png was preloaded using link preload but not used within a few seconds from the window's load event. Please make sure it has an appropriate `as` value and it is preloaded intentionally. @ https://www.incidentiq.com/events:0
[ 4420444ms] [WARNING] The resource https://www.incidentiq.com/wp-content/uploads/2026/02/Hero-section.svg was preloaded using link preload but not used within a few seconds from the window's load event. Please make sure it has an appropriate `as` value and it is preloaded intentionally. @ https://www.incidentiq.com/events:0
[ 5149435ms] [WARNING] The resource https://www.incidentiq.com/wp-content/uploads/2025/12/cta_banner.png was preloaded using link preload but not used within a few seconds from the window's load event. Please make sure it has an appropriate `as` value and it is preloaded intentionally. @ https://www.incidentiq.com/events:0
[ 5149435ms] [WARNING] The resource https://www.incidentiq.com/wp-content/uploads/2026/02/Hero-section.svg was preloaded using link preload but not used within a few seconds from the window's load event. Please make sure it has an appropriate `as` value and it is preloaded intentionally. @ https://www.incidentiq.com/events:0
[ 5878440ms] [WARNING] The resource https://www.incidentiq.com/wp-content/uploads/2025/12/cta_banner.png was preloaded using link preload but not used within a few seconds from the window's load event. Please make sure it has an appropriate `as` value and it is preloaded intentionally. @ https://www.incidentiq.com/events:0
[ 5878440ms] [WARNING] The resource https://www.incidentiq.com/wp-content/uploads/2026/02/Hero-section.svg was preloaded using link preload but not used within a few seconds from the window's load event. Please make sure it has an appropriate `as` value and it is preloaded intentionally. @ https://www.incidentiq.com/events:0
[ 6607421ms] [WARNING] The resource https://www.incidentiq.com/wp-content/uploads/2025/12/cta_banner.png was preloaded using link preload but not used within a few seconds from the window's load event. Please make sure it has an appropriate `as` value and it is preloaded intentionally. @ https://www.incidentiq.com/events:0
[ 6607421ms] [WARNING] The resource https://www.incidentiq.com/wp-content/uploads/2026/02/Hero-section.svg was preloaded using link preload but not used within a few seconds from the window's load event. Please make sure it has an appropriate `as` value and it is preloaded intentionally. @ https://www.incidentiq.com/events:0
[ 7336460ms] [WARNING] The resource https://www.incidentiq.com/wp-content/uploads/2025/12/cta_banner.png was preloaded using link preload but not used within a few seconds from the window's load event. Please make sure it has an appropriate `as` value and it is preloaded intentionally. @ https://www.incidentiq.com/events:0
[ 7336460ms] [WARNING] The resource https://www.incidentiq.com/wp-content/uploads/2026/02/Hero-section.svg was preloaded using link preload but not used within a few seconds from the window's load event. Please make sure it has an appropriate `as` value and it is preloaded intentionally. @ https://www.incidentiq.com/events:0
[ 8065433ms] [WARNING] The resource https://www.incidentiq.com/wp-content/uploads/2025/12/cta_banner.png was preloaded using link preload but not used within a few seconds from the window's load event. Please make sure it has an appropriate `as` value and it is preloaded intentionally. @ https://www.incidentiq.com/events:0
[ 8065433ms] [WARNING] The resource https://www.incidentiq.com/wp-content/uploads/2026/02/Hero-section.svg was preloaded using link preload but not used within a few seconds from the window's load event. Please make sure it has an appropriate `as` value and it is preloaded intentionally. @ https://www.incidentiq.com/events:0
[ 8794549ms] [WARNING] The resource https://www.incidentiq.com/wp-content/uploads/2025/12/cta_banner.png was preloaded using link preload but not used within a few seconds from the window's load event. Please make sure it has an appropriate `as` value and it is preloaded intentionally. @ https://www.incidentiq.com/events:0
[ 8794550ms] [WARNING] The resource https://www.incidentiq.com/wp-content/uploads/2026/02/Hero-section.svg was preloaded using link preload but not used within a few seconds from the window's load event. Please make sure it has an appropriate `as` value and it is preloaded intentionally. @ https://www.incidentiq.com/events:0
